DateTime,Junction,Vehicles,pred_linear,pred_rf_tuned,pred_sarima,pred_lstm,is_holiday,is_outlier
2023-08-09 09:00:00,1,55.0,46.591397152980306,51.60650421358824,46.07674215307498,,0,False
2023-08-09 10:00:00,1,50.0,50.54571603854828,52.0499321977826,44.60361339282906,,0,False
2023-08-09 11:00:00,1,40.0,41.75510214590553,42.391642004770254,37.47748769854092,,0,False
2023-08-09 12:00:00,1,30.0,37.02545981809652,36.325437706323044,31.243318451065917,,0,False
2023-08-09 13:00:00,1,33.0,35.661701032496595,33.57275920478007,27.030452776985562,,0,False
2023-08-09 14:00:00,1,37.0,36.35156489334611,33.75490551575981,30.026324273286967,,0,False
2023-08-09 15:00:00,1,41.0,32.75603740536586,38.20011369426176,35.1950976074221,,0,False
2023-08-09 16:00:00,1,58.0,45.69688952032169,49.15750489043951,43.33737414541076,,0,False
2023-08-09 17:00:00,1,61.0,55.45883048349815,57.67562135750088,50.519841304748944,,0,False
2023-08-09 18:00:00,1,61.0,58.97041678439595,62.683000413752005,54.84852632008312,,0,False
2023-08-09 19:00:00,1,67.0,59.425442737765565,61.88636084358284,53.72137064875358,,0,False
2023-08-09 20:00:00,1,57.0,57.28121999377461,57.94515388490521,48.80328260521801,,0,False
2023-08-09 21:00:00,1,49.0,48.931100070273715,50.05321976754603,43.49700203013586,,0,False
2023-08-09 22:00:00,1,47.0,43.82230278281804,39.948563639482536,35.61249518646606,,0,False
2023-08-09 23:00:00,1,28.0,33.06268140816606,30.80340644152242,29.10320709279918,,0,False
2023-08-10 00:00:00,1,26.0,27.68990290099437,25.783015670929117,21.987282257112543,,0,False
2023-08-10 01:00:00,1,33.0,25.019624840729268,26.21489350272472,22.18858782450352,,0,False
2023-08-10 02:00:00,1,28.0,27.17239841161404,27.081594815598105,22.830445641996008,,0,False
2023-08-10 03:00:00,1,24.0,27.522967692067837,25.48257730334068,22.33601106706221,,0,False
2023-08-10 04:00:00,1,17.0,30.280375276624582,28.345686908359298,23.54929445471569,,0,False
2023-08-10 05:00:00,1,16.0,31.36648247385704,30.107099504029993,25.70957102106617,,0,False
2023-08-10 06:00:00,1,47.0,32.41939936828916,31.40412127523083,31.17081707713184,,0,False
2023-08-10 07:00:00,1,44.0,39.05116801898392,42.737189243885204,38.78514531515174,,0,False
2023-08-10 08:00:00,1,46.0,42.076064171697055,48.974917017144264,45.35964475167912,,0,False
2023-08-10 09:00:00,1,55.0,49.38726766724116,53.19574661735006,47.15975349447241,53.839054,0,False
2023-08-10 10:00:00,1,44.0,48.773520293964665,50.74575933640749,45.49865514474676,50.930084,0,False
2023-08-10 11:00:00,1,41.0,40.918664870203145,41.7100603142101,38.407610969222134,43.833706,0,False
2023-08-10 12:00:00,1,30.0,40.119119150340225,35.103185306796014,32.217794035355155,36.992516,0,False
2023-08-10 13:00:00,1,24.0,33.363431429346626,33.16871258068768,27.88823639149988,34.542,0,False
2023-08-10 14:00:00,1,22.0,34.22339119639536,34.48120035297946,30.825632382996226,36.275757,0,False
2023-08-10 15:00:00,1,30.0,37.239221051686016,35.87645803955092,36.00155071136008,42.470356,0,False
2023-08-10 16:00:00,1,54.0,43.82817416852972,47.67853525616684,44.16046956157801,51.239662,0,False
2023-08-10 17:00:00,1,51.0,58.215447683305406,57.738662250546156,51.26833417160926,59.567802,0,False
2023-08-10 18:00:00,1,65.0,53.89197366406589,61.136994318545696,55.48638745116448,65.04663,0,False
2023-08-10 19:00:00,1,68.0,59.317396404954444,63.01272447981559,54.41792744317138,63.66319,0,False
2023-08-10 20:00:00,1,57.0,55.60959301103273,55.5691053622112,49.46057581432748,58.160305,0,False
2023-08-10 21:00:00,1,46.0,52.65769113972935,49.404278979673464,44.05904404203626,49.3562,0,False
2023-08-10 22:00:00,1,40.0,43.45537146607101,40.848849658875395,36.18517830445238,40.3016,0,False
2023-08-10 23:00:00,1,31.0,32.26287104941935,33.6663575033443,29.66747569399905,32.132088,0,False
2023-08-11 00:00:00,1,33.0,28.103908816029435,26.335682175944452,22.516375077142072,25.60673,0,False
2023-08-11 01:00:00,1,37.0,32.75995744182221,24.002560461813985,22.740695757836143,23.759571,0,False
2023-08-11 02:00:00,1,34.0,31.020234879916163,25.796926894546864,23.270101449821972,24.284864,0,False
2023-08-11 03:00:00,1,13.0,32.59110432813442,22.206865451370216,22.811150271861674,25.205095,0,False
2023-08-11 04:00:00,1,24.0,24.843108226861233,25.76367075733888,23.98867899853202,26.91327,0,False
2023-08-11 05:00:00,1,29.0,29.339111907437967,27.875940211937003,26.082686158253143,28.97154,0,False
2023-08-11 06:00:00,1,37.0,37.71279934876554,32.403132374549216,31.55880775662623,33.616394,0,False
2023-08-11 07:00:00,1,32.0,40.933573199137,43.82039910888811,39.1745710752092,41.727486,0,False
2023-08-11 08:00:00,1,39.0,43.30177152471683,47.300833474218344,45.78221419864123,49.863655,0,False
2023-08-11 09:00:00,1,61.0,45.22398433079255,51.05400200166702,47.516301603668985,53.665104,0,False
2023-08-11 10:00:00,1,47.0,50.20989731503024,51.72721311106965,45.83737361049428,51.16803,0,False
2023-08-11 11:00:00,1,34.0,44.54247379705705,40.405944591048886,38.73100514061962,44.414467,0,False
2023-08-11 12:00:00,1,29.0,37.74506712897989,35.53959177139631,32.52666936636958,37.413364,0,False
2023-08-11 13:00:00,1,35.0,33.27227559964504,32.36959086460074,28.18203840447943,33.72067,0,False
2023-08-11 14:00:00,1,29.0,33.57120040549473,33.86521161051408,31.10548011378338,34.662422,0,False
2023-08-11 15:00:00,1,41.0,38.93200621489598,41.40894241403699,36.26858950610246,40.160442,0,False
2023-08-11 16:00:00,1,42.0,48.573496477812725,49.385480026862886,44.415378156338654,49.147102,0,False
2023-08-11 17:00:00,1,46.0,52.597440917682995,54.315537041694625,51.51097885355378,58.609955,0,False
2023-08-11 18:00:00,1,71.0,58.52172095590404,61.93311871706724,55.717037117588674,63.856785,0,False
2023-08-11 19:00:00,1,65.0,62.08530595786604,62.80445501642684,54.638423328048724,64.013115,0,False
2023-08-11 20:00:00,1,55.0,57.986187806932605,58.703971857239246,49.670654416732376,58.937477,0,False
2023-08-11 21:00:00,1,45.0,50.89746917039894,48.857512607999546,44.25874504639275,49.598167,0,False
2023-08-11 22:00:00,1,48.0,39.22186856409829,35.93333099297386,36.37577885409442,39.10625,0,False
2023-08-11 23:00:00,1,37.0,34.16993693761755,31.430789389495118,29.84925924087566,29.716475,0,False
2023-08-12 00:00:00,1,24.0,24.247999529987275,17.320688959311962,22.689544806374652,23.53844,0,False
2023-08-12 01:00:00,1,13.0,23.042172458139135,18.977527442958557,22.90609663957862,18.326035,0,False
2023-08-12 02:00:00,1,17.0,18.924066643401304,17.544413559377375,23.42705289964142,16.760895,0,False
2023-08-12 03:00:00,1,19.0,14.20512209367417,16.098122223295398,22.96115968305986,16.507338,0,False
2023-08-12 04:00:00,1,14.0,20.483636977661977,18.462459399231992,24.131531331782938,16.76109,0,False
2023-08-12 05:00:00,1,19.0,21.671180759142818,19.98716208434714,26.218467343177284,18.533005,0,False
2023-08-12 06:00:00,1,19.0,28.367784524887988,25.262505254886957,31.688457495268498,22.016554,0,False
2023-08-12 07:00:00,1,30.0,30.908471781818243,30.741208828434345,39.29827848065018,27.677876,0,False
2023-08-12 08:00:00,1,24.0,33.36329660571948,34.696703239497225,45.90050594201683,33.408314,0,False
2023-08-12 09:00:00,1,38.0,33.91683717510246,33.38321978830208,47.628672689168184,36.08671,0,False
2023-08-12 10:00:00,1,34.0,36.15280230461417,33.09905765320038,45.944453286293474,34.297447,0,False
2023-08-12 11:00:00,1,27.0,30.02698409527852,30.784696919040538,38.83305515544732,29.280987,0,False
2023-08-12 12:00:00,1,26.0,25.507130810288203,22.125643112987166,32.623926850336105,24.101007,0,False
2023-08-12 13:00:00,1,19.0,24.244298670479072,19.30540290718462,28.274719050270505,21.770699,0,False
2023-08-12 14:00:00,1,18.0,22.695985261490673,22.136418131259717,31.19380229435597,22.901598,0,False
2023-08-12 15:00:00,1,29.0,26.99654392261071,26.08273667911609,36.35276194184023,26.734175,0,False
2023-08-12 16:00:00,1,35.0,33.989510823836085,33.09401426665742,44.4955965424027,32.57092,0,False
2023-08-12 17:00:00,1,34.0,38.46819791607431,39.713320569346315,51.58742361008837,38.206535,0,False
2023-08-12 18:00:00,1,37.0,46.663592578957434,42.10057765151515,55.789883266651294,41.282043,0,False
2023-08-12 19:00:00,1,39.0,44.08251599054227,38.94131805450686,54.70784999795789,41.805595,0,False
2023-08-12 20:00:00,1,34.0,40.44142730533224,38.27249825800055,49.73681660796911,38.322636,0,False
2023-08-12 21:00:00,1,41.0,33.44143779119344,32.137583677931964,44.32179273520434,32.417458,0,False
2023-08-12 22:00:00,1,28.0,30.911656732598175,26.214383295625943,36.4358646105045,26.060509,0,False
2023-08-12 23:00:00,1,22.0,23.64748592622822,19.900856848888516,29.90652119586557,21.14719,0,False
2023-08-13 00:00:00,1,11.0,20.283184409454588,17.880626113184533,22.744114075764156,17.565428,0,False
2023-08-13 01:00:00,1,21.0,10.941261782164464,16.90707737208351,22.958103243750642,17.507729,0,False
2023-08-13 02:00:00,1,13.0,16.788158463333307,14.269122872448039,23.4766091828203,17.11041,0,False
2023-08-13 03:00:00,1,13.0,20.656953511794654,17.18888116006677,23.008389486264544,17.277485,0,False
2023-08-13 04:00:00,1,22.0,18.793858474333003,20.990616034104267,24.176539820589394,18.091686,0,False
2023-08-13 05:00:00,1,21.0,21.86991950040574,19.38562186929758,26.26135700239066,19.616243,0,False
2023-08-13 06:00:00,1,7.0,25.15163530384451,21.31120860223266,31.72933266720238,22.766674,0,False
2023-08-13 07:00:00,1,27.0,21.480796673960675,23.575203707533227,39.33723310444237,27.592453,0,False
2023-08-13 08:00:00,1,33.0,30.300554057773134,30.083147449367853,45.93763223646772,31.977318,0,False
2023-08-13 09:00:00,1,32.0,36.257940414992305,34.217483985447714,47.664050701311254,34.386005,0,False
2023-08-13 10:00:00,1,33.0,32.28366377419773,32.954241641837605,45.978167942101216,33.350643,0,False
2023-08-13 11:00:00,1,17.0,26.248541187636064,26.609473131638897,38.86518475832698,28.664291,0,False
2023-08-13 12:00:00,1,6.0,22.916934910687328,21.09722264397587,32.654545926451625,23.554998,0,False
2023-08-13 13:00:00,1,15.0,21.022676712900843,19.921463942308712,28.303898541878635,21.377813,0,False
2023-08-13 14:00:00,1,24.0,21.35973787790561,18.850273138760457,31.221609908152313,22.563246,0,False
2023-08-13 15:00:00,1,7.0,24.235001014614678,24.11206990657193,36.379262206080554,26.320822,0,False
2023-08-13 16:00:00,1,26.0,31.29975754586648,30.05870833333333,44.520850926557806,31.453436,0,False
2023-08-13 17:00:00,1,25.0,31.290520636366427,31.67685540665475,51.61149064637791,36.718384,0,False
2023-08-13 18:00:00,1,39.0,34.97582129879273,33.74457548003252,55.81281875941518,39.12556,0,False
2023-08-13 19:00:00,1,52.0,37.512528805859866,37.79175728525444,54.72970722389842,38.890232,0,False
2023-08-13 20:00:00,1,36.0,38.421559393420154,35.413511706427656,49.75764621676166,36.329605,0,False
2023-08-13 21:00:00,1,31.0,34.384667390970606,30.382179481466242,44.34164301284984,32.22108,0,False
2023-08-13 22:00:00,1,31.0,29.434620510856167,27.22575482925636,36.454781647905186,27.54343,0,False
2023-08-13 23:00:00,1,22.0,25.928017974384403,25.71564587230579,29.924548860420455,23.263258,0,False
2023-08-14 00:00:00,1,24.0,23.73833233742963,25.065112893277327,22.76129416839905,19.964066,0,False
2023-08-14 01:00:00,1,31.0,24.26029231727898,25.158179959091104,22.97447563957581,23.106297,0,False
2023-08-14 02:00:00,1,29.0,27.279034794676765,27.07558850527134,23.49221179223423,24.727291,0,False
2023-08-14 03:00:00,1,28.0,27.77047537568625,27.559391723407774,23.023258567891858,25.659111,0,False
2023-08-14 04:00:00,1,26.0,29.991176601439456,28.51342639023775,24.1907098283337,26.818115,0,False
2023-08-14 05:00:00,1,27.0,31.253782731800445,28.391817684373063,26.274860787926603,29.598244,0,False
2023-08-14 06:00:00,1,40.0,30.7760024318857,33.876794955536774,31.74220158964192,34.71869,0,False
2023-08-14 07:00:00,1,40.0,40.57444819127582,43.26884289176324,39.349497005769805,41.611294,0,False
2023-08-14 08:00:00,1,57.0,43.72167135037553,51.28857161268774,45.949319576633904,49.49116,0,False
2023-08-14 09:00:00,1,47.0,50.641779619342934,60.56534356727953,47.67518854124332,53.32428,0,False
2023-08-14 10:00:00,1,58.0,49.2889140133673,49.526159600618804,45.988782137718914,50.953465,0,False
2023-08-14 11:00:00,1,45.0,43.060294199394434,44.511188229722755,38.87529992947206,44.06036,0,False
2023-08-14 12:00:00,1,30.0,35.20323178148189,36.56708364198719,32.66418553472207,36.672638,0,False
2023-08-14 13:00:00,1,36.0,32.4771884069191,33.78368856643191,28.31308494520594,32.997917,0,False
2023-08-14 14:00:00,1,30.0,34.098149408708466,34.80084896790289,31.230364414089788,34.629436,0,False
2023-08-14 15:00:00,1,40.0,34.8713750067317,39.16621852453102,36.38760512044742,41.026577,0,False
2023-08-14 16:00:00,1,45.0,43.48354904155667,48.23582674747649,44.52880160030378,49.73471,0,False
2023-08-14 17:00:00,1,56.0,46.41063435908312,57.126059523809516,51.619067520302934,58.469765,0,False
2023-08-14 18:00:00,1,68.0,56.583843629925155,65.16913513484427,55.820039407514656,63.110455,0,False
2023-08-14 19:00:00,1,65.0,60.19165002263547,62.49391132145254,54.73658839467616,63.818954,0,False
2023-08-14 20:00:00,1,50.0,53.10927696685273,55.87410094242348,49.764203870341916,59.824333,0,False
2023-08-14 21:00:00,1,42.0,47.05859105119658,48.9110736896527,44.347892359131194,51.116596,0,False
2023-08-14 22:00:00,1,41.0,40.18566488207679,38.40721601020259,36.46073718227932,41.345196,0,False
2023-08-14 23:00:00,1,35.0,35.56432850347581,32.826886531884604,29.930224396340414,32.960777,0,False
2023-08-15 00:00:00,1,12.0,25.709300388317434,23.12806099131603,22.766702869848984,27.12548,1,False
2023-08-15 01:00:00,1,19.0,18.639401108758104,20.726327862513987,22.979630051944202,21.733303,1,False
2023-08-15 02:00:00,1,17.0,18.723349481393974,21.21711822321406,23.49712387038974,18.529398,1,False
2023-08-15 03:00:00,1,12.0,19.207078729124742,19.87848977272727,23.027939705663062,16.958824,1,False
2023-08-15 04:00:00,1,12.0,19.71058935621328,20.30144311761684,24.195170883091645,16.348042,1,False
2023-08-15 05:00:00,1,15.0,21.676137383439016,21.315972402597403,26.27911210672182,16.868778,1,False
2023-08-15 06:00:00,1,18.0,26.564653100082186,24.785205555555557,31.74625303346429,18.908968,1,False
2023-08-15 07:00:00,1,27.0,29.582150637882194,27.51332738095238,39.35335797166334,22.568535,1,False
2023-08-15 08:00:00,1,31.0,39.00724482138487,31.687054521276597,45.952999020005365,26.45879,1,False
2023-08-15 09:00:00,1,29.0,35.93786333578542,36.304360864315655,47.6786949959878,29.02471,1,False
2023-08-15 10:00:00,1,30.0,41.75515879925868,32.7875,45.99212373703518,27.591906,1,False
2023-08-15 11:00:00,1,26.0,33.65853159994057,29.89642261904762,38.87848442401854,24.559242,1,False
2023-08-15 12:00:00,1,20.0,24.21232118772008,23.18620789276224,32.6672203107554,21.158182,1,False
2023-08-15 13:00:00,1,19.0,25.24287446745692,20.776380555555555,28.315977041714167,19.231092,1,False
2023-08-15 14:00:00,1,21.0,25.722436194368594,21.367868686868686,31.2331205391301,19.898125,1,False
2023-08-15 15:00:00,1,24.0,28.33779543244981,25.436987764550267,36.390231666699016,22.354128,1,False
2023-08-15 16:00:00,1,24.0,31.26781942922799,30.169764567757507,44.53130465989354,25.878895,1,False
2023-08-15 17:00:00,1,29.0,37.71703931652612,33.07015384615385,51.62145289893447,29.251282,1,False
2023-08-15 18:00:00,1,33.0,45.648574155594474,36.9562362982929,55.82231263793878,31.785948,1,False
2023-08-15 19:00:00,1,32.0,42.01734181126322,36.18151935204471,54.738754749528084,32.98413,1,False
2023-08-15 20:00:00,1,26.0,37.260092641338986,33.85436631559497,49.766268374357324,31.596407,1,False
2023-08-15 21:00:00,1,29.0,33.911315768135815,29.410570238095243,44.34985980080966,28.614477,1,False
2023-08-15 22:00:00,1,23.0,28.666158643741632,25.362948366910867,36.462612124994415,25.415312,1,False
2023-08-15 23:00:00,1,14.0,21.742158164440276,20.510763965201466,29.932011188915983,22.385273,1,False
2023-08-16 00:00:00,1,24.0,20.108278287587275,24.024523859414817,22.768405656649346,19.708601,0,False
2023-08-16 01:00:00,1,25.0,21.02040004726801,22.780175342997623,22.98125278248942,23.160934,0,False
2023-08-16 02:00:00,1,27.0,24.711296659992517,26.110070609737463,23.498670308508363,25.253256,0,False
2023-08-16 03:00:00,1,20.0,22.96984399865185,23.119916270200587,23.029413438235725,26.578691,0,False
2023-08-16 04:00:00,1,19.0,23.29584841154285,23.105153484611375,24.1965753283563,27.686274,0,False
2023-08-16 05:00:00,1,33.0,26.94884210033167,25.69185096036167,26.28045052220955,29.964333,0,False
2023-08-16 06:00:00,1,25.0,31.88962950668698,32.28540806472727,31.747528523557012,34.646957,0,False
2023-08-16 07:00:00,1,41.0,33.747827159315406,33.94883317191072,39.354573494788355,41.540752,0,False
2023-08-16 08:00:00,1,48.0,38.48204174446052,40.69755721902781,45.95415739550123,47.814964,0,False
2023-08-16 09:00:00,1,52.0,44.71414110831819,49.83718909031311,47.67979891063862,49.93031,0,False
2023-08-16 10:00:00,1,51.0,44.29703901221128,49.54436968115576,45.9931757513104,46.510822,0,False
2023-08-16 11:00:00,1,52.0,39.98528046835476,41.8845754654237,38.87948697800629,39.436127,0,False
2023-08-16 12:00:00,1,26.0,35.91170947513918,37.45585837112395,32.66817572982341,32.979763,0,False
2023-08-16 13:00:00,1,38.0,30.282561907203853,30.343148720289854,28.31688754190332,30.024881,0,False
2023-08-16 14:00:00,1,19.0,34.68037652815452,34.98432516948798,31.233988232294504,31.264585,0,False
2023-08-16 15:00:00,1,48.0,32.204880546271596,32.15301904740423,36.3910585654043,36.804718,0,False
2023-08-16 16:00:00,1,36.0,45.36457300298649,45.19935386141637,44.53209268208485,44.63086,0,False
2023-08-16 17:00:00,1,71.0,45.270766979313436,48.517422288359796,51.62220387238504,53.26767,0,False
2023-08-16 18:00:00,1,60.0,55.5178900834374,59.715795989192074,55.82302830448939,58.173874,0,False
2023-08-16 19:00:00,1,70.0,54.83020685447267,60.972588426243384,54.73943676912718,59.41356,0,False
2023-08-16 20:00:00,1,63.0,53.048952989393065,56.93326661075142,49.76691832891107,55.67991,0,False
2023-08-16 21:00:00,1,46.0,47.99209771463504,48.44996255571763,44.350479197851165,48.618885,0,False
2023-08-16 22:00:00,1,38.0,40.568685297488145,38.360997117183665,36.46320240118038,40.428654,0,False
2023-08-16 23:00:00,1,28.0,29.06211577379016,31.959094647968985,29.932573713358902,32.9535,0,False
2023-08-17 00:00:00,1,30.0,27.66339728479729,23.34368161504892,22.768941734093094,26.747805,0,False
2023-08-17 01:00:00,1,23.0,29.389249993124345,25.043020602454806,22.981763656335563,25.456339,0,False
2023-08-17 02:00:00,1,21.0,26.39285721902321,25.88283027263157,23.499157163700087,25.67775,0,False
2023-08-17 03:00:00,1,29.0,24.05031734248379,24.500306075540554,23.029877404006367,26.078964,0,False
2023-08-17 04:00:00,1,22.0,24.568459198926718,26.22652015359664,24.197017480848412,27.047382,0,False
2023-08-17 05:00:00,1,27.0,26.22392428576712,26.89074587691672,26.280871886971024,29.607239,0,False
2023-08-17 06:00:00,1,35.0,36.316420386989876,34.08911926795791,31.747930077919786,34.545746,0,False
2023-08-17 07:00:00,1,38.0,40.51027168949605,40.424558844350415,39.35495617013524,42.098824,0,False
2023-08-17 08:00:00,1,47.0,43.319724418081414,48.30145173407866,45.954522079426226,48.946674,0,False
2023-08-17 09:00:00,1,62.0,48.73055825958446,51.242097887184364,47.680146449005605,51.158756,0,False
2023-08-17 10:00:00,1,49.0,48.56179069673392,49.41624689422585,45.993506950215135,47.755703,0,False
2023-08-17 11:00:00,1,41.0,44.59097775480326,42.26412318713923,38.87980260564604,40.5575,0,False
2023-08-17 12:00:00,1,35.0,34.469083744917455,34.78481675107048,32.66847651827878,34.45964,0,False
2023-08-17 13:00:00,1,35.0,32.73159268922817,30.660181334942678,28.31717418883626,31.354443,0,False
2023-08-17 14:00:00,1,28.0,29.018392864423582,31.210849641901646,31.234261402566485,33.40703,0,False
2023-08-17 15:00:00,1,43.0,35.44352076415962,38.32105440302231,36.39131889261844,39.03205,0,False
2023-08-17 16:00:00,1,50.0,45.14737113646182,45.140846323059016,44.53234077005552,48.12117,0,False
2023-08-17 17:00:00,1,46.0,53.06757778903611,56.182779609279606,51.62244029653837,56.660664,0,False
2023-08-17 18:00:00,1,73.0,55.35225134493948,60.407577549654064,55.82325361319793,62.040627,0,False
2023-08-17 19:00:00,1,71.0,64.48994591141351,61.609821109179975,54.73965148498184,61.5465,0,False
2023-08-17 20:00:00,1,52.0,59.19145757213042,55.535367064923165,49.767122949933224,57.16466,0,False
2023-08-17 21:00:00,1,42.0,47.49119441854202,47.93100612431877,44.350674198647795,48.643032,0,False
2023-08-17 22:00:00,1,41.0,39.548871697871355,37.48878948381908,36.4633882340449,38.364117,0,False
2023-08-17 23:00:00,1,25.0,32.4671810134307,31.89161388295375,29.932750809320204,29.83316,0,False
2023-08-18 00:00:00,1,34.0,30.740782652510646,26.66978466458952,22.76911050391533,23.991665,0,False
2023-08-18 01:00:00,1,23.0,31.944202115573198,24.7625955647901,22.98192449147086,22.87662,0,False
2023-08-18 02:00:00,1,36.0,27.90066604371656,26.39709987649047,23.49931043719652,23.374231,0,False
2023-08-18 03:00:00,1,21.0,26.8421347244108,28.680714865504736,23.030023471373212,23.969154,0,False
2023-08-18 04:00:00,1,26.0,26.348577200949492,25.11224416747227,24.197156680880727,25.114088,0,False
2023-08-18 05:00:00,1,37.0,31.011007201445523,26.68797652297776,26.281004542535477,27.503445,0,False
2023-08-18 06:00:00,1,33.0,38.116186574830685,34.537407668893415,31.748056496703516,32.46014,0,False
2023-08-18 07:00:00,1,44.0,36.99247592748214,40.272390631876014,39.35507664535952,40.170887,0,False
2023-08-18 08:00:00,1,56.0,43.4808393990135,47.919398035660315,45.95463689052658,47.275803,0,False
2023-08-18 09:00:00,1,50.0,55.351002163540095,53.94516050679561,47.680255862279935,51.03964,0,False
2023-08-18 10:00:00,1,42.0,47.29011308747543,48.815545794451076,45.9936112194414,50.0777,0,False
2023-08-18 11:00:00,1,34.0,39.47603359731497,38.905152480991475,38.87990197267085,42.933372,0,False
2023-08-18 12:00:00,1,39.0,34.15927104508917,33.98302136889502,32.668571213578375,35.37426,0,False
2023-08-18 13:00:00,1,35.0,36.83630040195712,33.4541198152597,28.317264432051076,31.926888,0,False
2023-08-18 14:00:00,1,41.0,33.30411788998573,32.183946944942996,31.2343474030106,33.942326,0,False
2023-08-18 15:00:00,1,38.0,41.94961176971635,40.85292854666056,36.391400849765056,39.530457,0,False
2023-08-18 16:00:00,1,40.0,43.78067868367637,47.156844351749506,44.53241887399963,48.406456,0,False
2023-08-18 17:00:00,1,43.0,45.689155860688295,51.14289560962717,51.62251472843771,56.175728,0,False
2023-08-18 18:00:00,1,79.0,58.94342527117697,58.53607411297853,55.82332454569309,59.887966,0,False
2023-08-18 19:00:00,1,65.0,65.57952423854763,60.936431394993896,54.739719082596785,60.619884,0,False
2023-08-18 20:00:00,1,58.0,55.98686855729613,55.89890808308101,49.76718736945681,56.668396,0,False
2023-08-18 21:00:00,1,50.0,48.70302114753777,46.69260931837119,44.3507355894975,47.26323,0,False
2023-08-18 22:00:00,1,31.0,45.19111354840889,39.63582716642365,36.463446738613364,36.886707,0,False
2023-08-18 23:00:00,1,28.0,32.39035314292108,30.42302405865874,29.932806563305483,28.869905,0,False
2023-08-19 00:00:00,1,27.0,26.288489009707362,18.770625752360058,22.769163636635664,22.760258,0,False
2023-08-19 01:00:00,1,21.0,19.648929877827747,18.792787461649816,22.981975126164613,17.906729,0,False
2023-08-19 02:00:00,1,12.0,21.625522161061628,18.377795742745363,23.499358691308025,16.09597,0,False
2023-08-19 03:00:00,1,10.0,17.90376519207558,15.784124325116474,23.03006945682517,16.044016,0,False
2023-08-19 04:00:00,1,14.0,17.384844523185976,19.708350855707256,24.197200504333818,16.54713,0,False
2023-08-19 05:00:00,1,17.0,22.55952672449815,22.38063508168325,26.281046305635737,17.951082,0,False
2023-08-19 06:00:00,1,35.0,23.50695379552832,22.677795576563962,31.748096296318113,21.271988,0,False
2023-08-19 07:00:00,1,26.0,33.790973994005455,40.58847352099654,39.35511457380143,26.10919,0,False
2023-08-19 08:00:00,1,25.0,32.285505216978486,29.87381547272172,45.95467303576869,31.76215,0,False
2023-08-19 09:00:00,1,34.0,34.91381439323,33.03442497219291,47.680290308159115,34.20957,0,False
2023-08-19 10:00:00,1,34.0,33.50967445341409,31.481056328370986,45.993644045852925,32.295765,0,False
2023-08-19 11:00:00,1,20.0,29.543569454295366,30.37788208199824,38.87993325575375,27.418968,0,False
2023-08-19 12:00:00,1,26.0,26.481334239821912,23.406332614400934,32.668601025891995,22.876842,0,False
2023-08-19 13:00:00,1,29.0,24.832338929131737,19.95636806567186,28.317292842743413,21.263416,0,False
2023-08-19 14:00:00,1,23.0,26.63483290458527,23.267451976536535,31.234374477978655,22.490685,0,False
2023-08-19 15:00:00,1,21.0,29.095547708289736,29.020310335035347,36.3914266518077,26.265036,0,False
2023-08-19 16:00:00,1,28.0,31.6649607359144,30.650918063745603,44.53244346296326,31.367046,0,False
2023-08-19 17:00:00,1,27.0,34.19544580061858,38.967152782999165,51.62253816135503,35.979027,0,False
2023-08-19 18:00:00,1,40.0,41.5285144923087,38.737833333333334,55.82334687691545,38.37329,0,False
2023-08-19 19:00:00,1,42.0,42.78797495944502,38.90381323667734,54.739740363920205,38.78243,0,False
2023-08-19 20:00:00,1,32.0,39.95150042745714,37.366362885499505,49.76720765024212,35.95756,0,False
2023-08-19 21:00:00,1,43.0,37.159477955872,32.18998843897193,44.350754916784844,30.75032,0,False
2023-08-19 22:00:00,1,31.0,30.781073763983237,25.55906220457108,36.4634651572313,25.279993,0,False
2023-08-19 23:00:00,1,11.0,23.929312815358994,20.164768732492995,29.93282411597496,20.356537,0,False
2023-08-20 00:00:00,1,6.0,17.488972096722716,19.236609328171827,22.769180364069115,16.738008,0,False
2023-08-20 01:00:00,1,11.0,16.751089107852206,15.27635769854483,22.981991067160383,16.506546,0,False
2023-08-20 02:00:00,1,26.0,13.439388386811098,13.915875782166985,23.49937388284036,16.541906,0,False
2023-08-20 03:00:00,1,22.0,17.544749649612626,16.689950947444366,23.030083934129976,16.369272,0,False
2023-08-20 04:00:00,1,27.0,21.599658741053688,17.74111320949264,24.19721430099039,16.858637,0,False
2023-08-20 05:00:00,1,19.0,24.487007466397642,20.316780760188088,26.281059453644648,18.574902,0,False
2023-08-20 06:00:00,1,21.0,22.272307192519268,22.243371997283763,31.74810882617543,21.83485,0,False
2023-08-20 07:00:00,1,20.0,27.56059840116485,26.54323855734479,39.355126514569456,26.09197,0,False
2023-08-20 08:00:00,1,34.0,28.666639388880377,28.593957203243825,45.95468441514337,30.514952,0,False
2023-08-20 09:00:00,1,33.0,32.8904437860124,33.72413966260066,47.680301152534255,32.554367,0,False
2023-08-20 10:00:00,1,31.0,32.562423935351084,31.888574914925197,45.99365438038146,31.148403,0,False
2023-08-20 11:00:00,1,37.0,24.500387257230983,24.272070705790792,38.87994310440603,27.034204,0,False
2023-08-20 12:00:00,1,23.0,23.252383111740052,23.89980993575138,32.66861041151142,22.394974,0,False
2023-08-20 13:00:00,1,29.0,23.20222031111895,20.477396630279657,28.317301787099403,20.307669,0,False
2023-08-20 14:00:00,1,13.0,26.704839300804753,23.265656978335315,31.23438300181714,21.464378,0,False
2023-08-20 15:00:00,1,42.0,17.941590519993834,20.38495093795094,36.391434774899245,25.25999,0,False
2023-08-20 16:00:00,1,29.0,32.82789219177736,32.101622380106754,44.53245120414892,29.69027,0,False
2023-08-20 17:00:00,1,41.0,30.325111342918234,32.310619484734644,51.62254553859005,35.001137,0,False
2023-08-20 18:00:00,1,46.0,40.586110116017935,39.88596518243439,55.82335390731092,37.750145,0,False
2023-08-20 19:00:00,1,37.0,45.78940942610784,40.46636804855579,54.73974706378272,38.71288,0,False
2023-08-20 20:00:00,1,42.0,36.551635060838976,35.57673790196916,49.76721403511164,37.304447,0,False
2023-08-20 21:00:00,1,37.0,36.634714061006974,32.03377495543672,44.350761001470715,32.66917,0,False
2023-08-20 22:00:00,1,22.0,31.532496629580784,26.799496458852005,36.46347095584661,27.827225,0,False
2023-08-20 23:00:00,1,17.0,20.06429912760445,22.584417710104717,29.932829641969278,23.391523,0,False
2023-08-21 00:00:00,1,26.0,21.89422853791445,25.136956010962834,22.769185630259667,19.524103,0,False
2023-08-21 01:00:00,1,25.0,26.002107739190038,28.519652098135097,22.981996085761807,22.668352,0,False
2023-08-21 02:00:00,1,34.0,27.993878018523848,27.722853138257793,23.49937866549302,24.67991,0,False
2023-08-21 03:00:00,1,30.0,30.18428568837274,27.23922969405748,23.030088491926964,25.776463,0,False
2023-08-21 04:00:00,1,27.0,30.748955442877396,28.475338969021763,24.19721864450326,27.1734,0,False
2023-08-21 05:00:00,1,33.0,30.177759641063524,28.619612390371795,26.281063592947937,29.85401,0,False
2023-08-21 06:00:00,1,22.0,36.60754566062277,34.200974873809265,31.74811277087002,34.51881,0,False
2023-08-21 07:00:00,1,39.0,34.20091623943871,37.388211871838145,39.355130273804846,41.824127,0,False
2023-08-21 08:00:00,1,51.0,45.72465763643238,51.154759741117616,45.95468799763889,48.300606,0,False
2023-08-21 09:00:00,1,60.0,45.166017773967624,53.82438269333449,47.680304566599304,52.226143,0,False
2023-08-21 10:00:00,1,51.0,50.47370887896483,52.490821611399184,45.993657633934774,49.503746,0,False
2023-08-21 11:00:00,1,51.0,45.27691085260199,45.113101315743386,38.87994620499404,42.865097,0,False
2023-08-21 12:00:00,1,41.0,37.97050918091731,37.51929130158605,32.66861336632577,36.19506,0,False
2023-08-21 13:00:00,1,30.0,38.17819583199545,34.27391672332771,28.317304602993612,32.549236,0,False
2023-08-21 14:00:00,1,33.0,31.163688034891088,33.758254638559045,31.234385685322522,34.22813,0,False
2023-08-21 15:00:00,1,42.0,40.25719539345255,41.76983984069475,36.39143733224004,39.46051,0,False
2023-08-21 16:00:00,1,46.0,42.547854461466656,47.51286448516223,44.53245364125674,48.81423,0,False
2023-08-21 17:00:00,1,66.0,50.10355168822615,59.56963464026916,51.622547861117624,56.757854,0,False
2023-08-21 18:00:00,1,55.0,60.29236608669865,63.272809928633926,55.823356120645215,61.282837,0,False
2023-08-21 19:00:00,1,64.0,55.51840205352549,60.666747056198865,54.739749173057454,61.643917,0,False
2023-08-21 20:00:00,1,61.0,53.43819885254365,55.23340740573674,49.76721604521915,56.145664,0,False
2023-08-21 21:00:00,1,46.0,47.947341770512146,48.41202537210148,44.35076291707333,47.826157,0,False
2023-08-21 22:00:00,1,36.0,39.84865538080017,39.38012453717116,36.463472781387466,38.894688,0,False
2023-08-21 23:00:00,1,33.0,32.624780647373285,33.19011715990251,29.932831381682615,31.219961,0,False
2023-08-22 00:00:00,1,31.0,26.13980657547054,27.57208328552206,22.769187288180653,25.721859,0,False
2023-08-22 01:00:00,1,23.0,26.67390168898627,27.58552367256175,22.981997665735896,25.026672,0,False
2023-08-22 02:00:00,1,19.0,25.627752637393808,27.17736685588683,23.49938017118487,25.229408,0,False
2023-08-22 03:00:00,1,33.0,22.85516604255691,24.737564539227236,23.030089926828946,25.579185,0,False
2023-08-22 04:00:00,1,29.0,26.538351262053446,27.639290399577312,24.19722001194355,26.124413,0,False
2023-08-22 05:00:00,1,35.0,28.880490953227877,27.71541849632247,26.281064896098236,28.356916,0,False
2023-08-22 06:00:00,1,39.0,30.526752798746287,34.202802218090824,31.748114012752907,33.064865,0,False
2023-08-22 07:00:00,1,55.0,37.64881889936041,42.5774810260832,39.35513145730081,40.12077,0,False
2023-08-22 08:00:00,1,56.0,45.08785397219739,50.822898092363495,45.95468912549297,48.445763,0,False
2023-08-22 09:00:00,1,49.0,46.32738836513401,53.50321768365356,47.6803056414275,53.930283,0,False
2023-08-22 10:00:00,1,53.0,43.069155432507586,50.35395089106867,45.99365865823009,52.249355,0,False
2023-08-22 11:00:00,1,39.0,41.99699517695691,42.09963649444899,38.87994718113227,44.499245,0,False
2023-08-22 12:00:00,1,33.0,34.51169237799301,37.864178392315814,32.668614296571015,37.24141,0,False
2023-08-22 13:00:00,1,24.0,30.615113781073063,33.15155875039187,28.31730548950352,33.830353,0,False
2023-08-22 14:00:00,1,33.0,29.491892091331167,35.15862236017005,31.234386530153305,35.332817,0,False
2023-08-22 15:00:00,1,43.0,34.66647322829499,40.646182359337985,36.39143813735123,41.371708,0,False
2023-08-22 16:00:00,1,48.0,38.85574729829865,45.10573405963176,44.532454408515754,49.93588,0,False
2023-08-22 17:00:00,1,50.0,46.41374176805839,54.76635453879993,51.62254859230408,56.999413,0,False
2023-08-22 18:00:00,1,53.0,46.98787417749164,59.09844681751995,55.82335681745505,60.839867,0,False
2023-08-22 19:00:00,1,75.0,48.899578509879106,58.4065115024503,54.739749837106885,59.408337,0,False
2023-08-22 20:00:00,1,59.0,51.255549008565005,53.54527497502497,49.7672166780484,54.373196,0,False
2023-08-22 21:00:00,1,43.0,44.883464779225676,48.22547877848615,44.35076352015022,47.60426,0,False
2023-08-22 22:00:00,1,42.0,35.87895600215422,38.640497334514755,36.46347335611078,39.928215,0,False
2023-08-22 23:00:00,1,46.0,29.925306301083427,32.0982583751729,29.932831929385404,32.86857,0,False
2023-08-23 00:00:00,1,29.0,33.213451009031914,24.87815704596031,22.76918781013328,27.610905,0,False
2023-08-23 01:00:00,1,9.0,27.457726289813092,26.454385895487174,22.981998163149,27.675156,0,False
2023-08-23 02:00:00,1,42.0,22.161543175144356,25.40148753689482,23.499380645212177,27.662834,0,False
2023-08-23 03:00:00,1,15.0,30.335394463796867,28.743581780540804,23.03009037856993,27.360508,0,False
2023-08-23 04:00:00,1,26.0,24.063442230581494,24.77506221154293,24.197220442446003,28.645357,0,False
2023-08-23 05:00:00,1,23.0,33.317985901093756,28.671340880026413,26.281065306360684,30.67461,0,False
2023-08-23 06:00:00,1,30.0,31.24221228283597,32.44692554312095,31.74811440372693,36.22877,0,False
2023-08-23 07:00:00,1,44.0,41.1826812351657,44.138944880247124,39.355131829893246,43.385868,0,False
2023-08-23 08:00:00,1,37.0,46.93063129482188,49.88286066439737,45.954689480568035,51.51975,0,False
2023-08-09 09:00:00,2,35.0,26.517773660366437,28.672321221730986,25.338172473113485,,0,False
2023-08-09 10:00:00,2,24.0,29.167477804969238,27.174302329355932,23.390649687513967,,0,False
2023-08-09 11:00:00,2,22.0,23.417937988909813,22.552231216730828,20.483308819719547,,0,False
2023-08-09 12:00:00,2,16.0,20.449322885682506,19.281936096992798,17.04564213589085,,0,False
2023-08-09 13:00:00,2,20.0,17.414190091282634,17.43296668412689,16.29925107056318,,0,False
2023-08-09 14:00:00,2,20.0,20.898327465785147,18.98476010098528,17.60414577484751,,0,False
2023-08-09 15:00:00,2,30.0,23.561056043967806,24.08701855873375,20.96851467686093,,0,False
2023-08-09 16:00:00,2,24.0,28.64838151924564,27.577550110264493,23.691515421648056,,0,False
2023-08-09 17:00:00,2,33.0,31.270880636704433,31.93950909488493,27.28157525271869,,0,False
2023-08-09 18:00:00,2,26.0,34.097366819595905,32.76225501069086,30.281464183753453,,0,False
2023-08-09 19:00:00,2,28.0,32.07099042113715,34.627561939032965,31.08316648432074,,0,False
2023-08-09 20:00:00,2,36.0,27.545474521517946,30.224986824249196,29.516675052218044,,0,False
2023-08-09 21:00:00,2,31.0,29.76732310079148,27.63164692310633,23.38965413131141,,0,False
2023-08-09 22:00:00,2,23.0,24.252153454720705,22.1857973332179,19.57267719755466,,0,False
2023-08-09 23:00:00,2,23.0,17.799155278968286,18.395658424777338,16.083502053226823,,0,False
2023-08-10 00:00:00,2,10.0,15.546946406687612,14.215066049777572,12.33844656709553,,0,False
2023-08-10 01:00:00,2,21.0,12.921924146162311,13.80463679929497,11.738634226676734,,0,False
2023-08-10 02:00:00,2,10.0,14.428950773172774,14.762044328540442,12.957003725654136,,0,False
2023-08-10 03:00:00,2,16.0,12.78303570127332,14.609847950546829,13.716036500200731,,0,False
2023-08-10 04:00:00,2,26.0,13.6096260711203,15.018921185922473,12.791901472103467,,0,False
2023-08-10 05:00:00,2,13.0,19.833071912487974,17.471515450335907,14.937892857976557,,0,False
2023-08-10 06:00:00,2,24.0,19.944174307430572,19.700291802585216,17.304022521118934,,0,False
2023-08-10 07:00:00,2,27.0,23.129726008662818,23.526362693983323,21.264605456593724,,0,False
2023-08-10 08:00:00,2,25.0,25.789815264798797,26.7097088231709,24.396510939136057,,0,False
2023-08-10 09:00:00,2,37.0,28.13125349520749,29.86596038155067,25.31637732565853,30.205502,0,False
2023-08-10 10:00:00,2,24.0,26.986564984087497,28.846821613863458,23.35613888156709,28.79599,0,False
2023-08-10 11:00:00,2,23.0,22.10437975661256,22.420645555776773,20.461869473867715,24.738237,0,False
2023-08-10 12:00:00,2,22.0,19.502263406558214,18.81151151330752,17.019769388309154,20.857655,0,False
2023-08-10 13:00:00,2,17.0,19.931190341534556,18.772253131503515,16.286629465479127,19.148848,0,False
2023-08-10 14:00:00,2,31.0,20.999464287318904,19.861989011187532,17.58057779535326,20.368607,0,False
2023-08-10 15:00:00,2,17.0,24.533782113862916,24.080519386821894,20.96133720092303,24.086428,0,False
2023-08-10 16:00:00,2,33.0,24.304297714722683,27.498254336569385,23.6603305719666,29.231895,0,False
2023-08-10 17:00:00,2,22.0,31.55707450066434,32.019116760773706,27.256461269110478,33.654396,0,False
2023-08-10 18:00:00,2,22.0,28.928787478082654,33.8291937854385,30.263016522378955,36.512596,0,False
2023-08-10 19:00:00,2,34.0,28.825887684235695,33.57235616682755,31.061968401525995,35.77147,0,False
2023-08-10 20:00:00,2,34.0,33.146083133159635,31.399126172244657,29.508813565993282,32.467567,0,False
2023-08-10 21:00:00,2,32.0,25.450719382741788,26.45774196602969,23.37304284899434,28.31744,0,False
2023-08-10 22:00:00,2,28.0,22.24306676690204,21.939016609782765,19.552310218201722,23.002718,0,False
2023-08-10 23:00:00,2,19.0,21.12964699770042,20.235067618149387,16.06591657924575,18.446693,0,False
2023-08-11 00:00:00,2,16.0,17.188026240749785,15.785903253591764,12.324750230362836,15.258005,0,False
2023-08-11 01:00:00,2,15.0,18.02903944137993,15.836898094804026,11.722966713499744,14.664199,0,False
2023-08-11 02:00:00,2,20.0,13.86250108834873,14.145230764665055,12.939071162870952,14.467422,0,False
2023-08-11 03:00:00,2,9.0,17.04973271307688,16.281513964148683,13.701186496687647,14.2558,0,False
2023-08-11 04:00:00,2,12.0,14.497990440396261,15.612179470472965,12.791204442154326,14.994497,0,False
2023-08-11 05:00:00,2,19.0,16.638731642143853,16.746583204448275,14.927193781856662,16.639864,0,False
2023-08-11 06:00:00,2,23.0,22.41565969529429,19.135739303321994,17.292731316951045,19.683878,0,False
2023-08-11 07:00:00,2,28.0,24.61464471971832,24.625150935885657,21.261184562271975,24.166094,0,False
2023-08-11 08:00:00,2,27.0,27.527032206805444,27.961207534892573,24.39059842147789,28.391,0,False
2023-08-11 09:00:00,2,27.0,31.18122777941189,30.641421798307682,25.308641012189288,30.315039,0,False
2023-08-11 10:00:00,2,30.0,27.992841703953715,27.719544644522657,23.34869549947334,29.235016,0,False
2023-08-11 11:00:00,2,19.0,25.13298897098085,24.359591460780404,20.45474544593896,25.257866,0,False
2023-08-11 12:00:00,2,26.0,20.416884282385556,19.895901137988325,17.012926049074938,21.184584,0,False
2023-08-11 13:00:00,2,16.0,21.7478898231164,17.829705045039546,16.280081964573718,19.139349,0,False
2023-08-11 14:00:00,2,18.0,20.91762594000142,18.2680158847347,17.574278289901986,19.995457,0,False
2023-08-11 15:00:00,2,25.0,22.528715588496517,23.391567202955212,20.95531639191615,23.555407,0,False
2023-08-11 16:00:00,2,23.0,27.215010123906332,28.303927012485598,23.654516955379872,28.50701,0,False
2023-08-11 17:00:00,2,26.0,28.906202755824076,30.90574614380962,27.250890551520943,33.458405,0,False
2023-08-11 18:00:00,2,39.0,30.149290114801666,33.15734031223094,30.257680134684627,35.91492,0,False
2023-08-11 19:00:00,2,30.0,34.3006309746727,36.102823172114604,31.056842986830507,35.210014,0,False
2023-08-11 20:00:00,2,32.0,31.887007074435843,32.53423748194274,29.503914781974665,32.28217,0,False
2023-08-11 21:00:00,2,26.0,28.596448882002363,26.476397424100927,23.36832886190252,27.450016,0,False
2023-08-11 22:00:00,2,14.0,24.83954648268952,22.439976377966456,19.547780568858112,22.155218,0,False
2023-08-11 23:00:00,2,14.0,14.984675027084894,17.49456266950742,16.06157347207369,17.597063,0,False
2023-08-12 00:00:00,2,11.0,10.521181887472508,10.524845935952655,12.320587954394846,13.815958,0,False
2023-08-12 01:00:00,2,14.0,7.503379368706941,9.401806110648842,11.71896929860238,10.864725,0,False
2023-08-12 02:00:00,2,6.0,11.567945012168238,8.401670700083647,12.935231361170816,9.537946,0,False
2023-08-12 03:00:00,2,6.0,7.785184197142776,10.49798460348657,13.697505884637666,9.25178,0,False
2023-08-12 04:00:00,2,12.0,8.313061752064748,10.03345926639063,12.787693532591028,9.573347,0,False
2023-08-12 05:00:00,2,14.0,12.187503918571199,10.071906865199576,14.923809963732811,10.774996,0,False
2023-08-12 06:00:00,2,16.0,17.11005857992507,14.315550207852148,17.289483084241727,13.054038,0,False
2023-08-12 07:00:00,2,16.0,18.791832135234472,16.881870020190075,21.2580792068655,16.195574,0,False
2023-08-12 08:00:00,2,16.0,17.708933576241186,17.557656409163066,24.387614934557195,18.921003,0,False
2023-08-12 09:00:00,2,22.0,19.63366065962419,19.055377960452166,25.305775313607835,19.706055,0,False
2023-08-12 10:00:00,2,17.0,18.47012803004306,17.848387702258194,23.345945911000133,18.497822,0,False
2023-08-12 11:00:00,2,18.0,15.099132125150923,14.367299735150862,20.452107319879964,15.958161,0,False
2023-08-12 12:00:00,2,11.0,12.571492033805601,13.697652679979853,17.01039482909172,13.614301,0,False
2023-08-12 13:00:00,2,11.0,12.378161451594465,14.081931277377189,16.277653358159984,12.582272,0,False
2023-08-12 14:00:00,2,14.0,11.295359117827772,12.958118030119186,17.57194808399537,13.304668,0,False
2023-08-12 15:00:00,2,6.0,15.160563013686524,15.10946224175653,20.953080660282378,15.331029,0,False
2023-08-12 16:00:00,2,22.0,13.611450280248526,15.970930501368377,23.652371777919985,18.318401,0,False
2023-08-12 17:00:00,2,20.0,21.488485264835976,18.92562189946883,27.248832325076904,20.8887,0,False
2023-08-12 18:00:00,2,11.0,24.107854136029122,22.929932136874058,30.255705337228733,22.628311,0,False
2023-08-12 19:00:00,2,23.0,18.902042526199384,20.419416963154053,31.054948216141728,22.67914,0,False
2023-08-12 20:00:00,2,18.0,21.873719414211923,20.44601932559745,29.50209683140256,20.561274,0,False
2023-08-12 21:00:00,2,13.0,17.0222622309046,17.52542658268528,23.36658456859998,17.8465,0,False
2023-08-12 22:00:00,2,22.0,13.125731427341655,13.808232486712145,19.546106958288675,14.786971,0,False
2023-08-12 23:00:00,2,15.0,10.485576949970689,11.564613402623635,16.059967694261214,12.144422,0,False
2023-08-13 00:00:00,2,8.0,11.007603324082261,9.389842846017867,12.31904726300839,10.06542,0,False
2023-08-13 01:00:00,2,9.0,6.878596059187927,8.157859802294773,11.717491042717974,10.312898,0,False
2023-08-13 02:00:00,2,10.0,7.289973233336957,7.753016066145082,12.933813009537632,10.038086,0,False
2023-08-13 03:00:00,2,3.0,8.690224310668993,8.986761231722427,13.696145021518209,9.868164,0,False
2023-08-13 04:00:00,2,20.0,9.1023970351118,9.030728648399688,12.786387853791334,10.231934,0,False
2023-08-13 05:00:00,2,11.0,14.305295032489543,12.404189875073655,14.922557178589651,11.357656,0,False
2023-08-13 06:00:00,2,19.0,16.27268490089655,13.745309646191549,17.288281069751534,13.494023,0,False
2023-08-13 07:00:00,2,12.0,17.38600203034823,15.162260807825907,21.256925924766115,16.32551,0,False
2023-08-13 08:00:00,2,20.0,17.322425567998202,17.778637026760695,24.386508386756653,18.719004,0,False
2023-08-13 09:00:00,2,14.0,19.235588305028152,18.677226317565925,25.304713607355133,19.542759,0,False
2023-08-13 10:00:00,2,6.0,14.951613197207891,16.46686432650715,23.34492723364297,18.39971,0,False
2023-08-13 11:00:00,2,19.0,11.282764913597596,13.622529839471815,20.45112992762666,15.827143,0,False
2023-08-13 12:00:00,2,13.0,12.214297768770923,12.360416642586875,17.009457048676175,13.53778,0,False
2023-08-13 13:00:00,2,9.0,12.45453698876575,12.215423426411258,16.27675358425037,12.560087,0,False
2023-08-13 14:00:00,2,0.0,13.63750413337794,13.578329508025309,17.571084776177685,13.203645,0,False
2023-08-13 15:00:00,2,12.0,10.639187234916838,13.44800048591516,20.95225234074858,15.231747,0,False
2023-08-13 16:00:00,2,18.0,16.72128876784837,17.6896106476524,23.65157702852297,17.892105,0,False
2023-08-13 17:00:00,2,16.0,19.369880568403026,18.912636923109314,27.248069785383898,20.792658,0,False
2023-08-13 18:00:00,2,23.0,19.692021577188292,21.60414990425058,30.25497370184439,22.55402,0,False
2023-08-13 19:00:00,2,19.0,21.83167806703497,22.395801470276492,31.054246232541146,22.502699,0,False
2023-08-13 20:00:00,2,15.0,20.993025749446915,24.594502427381563,29.50142329791071,21.091066,0,False
2023-08-13 21:00:00,2,17.0,16.270863084328845,16.781223799824062,23.365938332112886,18.777878,0,False
2023-08-13 22:00:00,2,5.0,13.701607909857916,14.132732964691481,19.5454869125266,15.998073,0,False
2023-08-13 23:00:00,2,14.0,10.27666294752223,10.691133514008298,16.05937277778591,13.455956,0,False
2023-08-14 00:00:00,2,14.0,12.189160006381291,13.996576715144238,12.31847645738172,11.456981,0,False
2023-08-14 01:00:00,2,16.0,13.240819647160937,14.143348875025918,11.716943370753084,13.714423,0,False
2023-08-14 02:00:00,2,19.0,15.208207027829733,14.240798205987323,12.93328753366974,14.351819,0,False
2023-08-14 03:00:00,2,13.0,15.527719188560276,14.736368093446266,13.695640842199845,14.517453,0,False
2023-08-14 04:00:00,2,4.0,16.674583855383485,15.65878472541548,12.785904107952648,15.088948,0,False
2023-08-14 05:00:00,2,15.0,14.499653718413096,14.784334739787894,14.922093038018376,16.754642,0,False
2023-08-14 06:00:00,2,14.0,19.344247406047742,15.549064348968393,17.28783573991466,19.521133,0,False
2023-08-14 07:00:00,2,29.0,21.064844742812124,20.671509522353503,21.256498643329575,23.627188,0,False
2023-08-14 08:00:00,2,26.0,28.166271164294606,26.851188789138924,24.38609842221803,27.547993,0,False
2023-08-14 09:00:00,2,32.0,23.54586657216638,27.062199773879637,25.30432025789534,29.794136,0,False
2023-08-14 10:00:00,2,33.0,25.681051510650796,26.075744307813874,23.344549825891452,28.016327,0,False
2023-08-14 11:00:00,2,20.0,25.176431186305948,22.921593038330137,20.450767815496313,24.083908,0,False
2023-08-14 12:00:00,2,20.0,20.12815214045511,19.729484069032868,17.009109612264368,20.454601,0,False
2023-08-14 13:00:00,2,18.0,17.675086555660144,18.34261458355165,16.276420228778125,18.574154,0,False
2023-08-14 14:00:00,2,28.0,16.43470401825021,18.16661077270795,17.570764930971077,19.232077,0,False
2023-08-14 15:00:00,2,27.0,37.84997892351434,26.4883727297896,20.95194545826228,22.358583,0,False
2023-08-14 16:00:00,2,22.0,26.618553208894156,26.05244582957053,23.651282583402274,29.115585,0,False
2023-08-14 17:00:00,2,29.0,27.925426304444148,32.08057854648068,27.2477872735661,33.408997,0,False
2023-08-14 18:00:00,2,32.0,30.763911273805114,34.681126063410076,30.254702639695335,35.259914,0,False
2023-08-14 19:00:00,2,31.0,34.82715079946945,34.52978252431765,31.053986156027406,34.60542,0,False
2023-08-14 20:00:00,2,30.0,29.934175147906025,31.964762205447848,29.50117376180538,32.011242,0,False
2023-08-14 21:00:00,2,24.0,26.55110784301469,26.41410172821809,23.365698909233075,27.406786,0,False
2023-08-14 22:00:00,2,22.0,20.969049974223758,21.943487150427053,19.54525719300246,22.527632,0,False
2023-08-14 23:00:00,2,18.0,18.45296877229663,18.552379971575053,16.059152368358856,18.288023,0,False
2023-08-15 00:00:00,2,10.0,9.370935852603788,12.538564346899179,12.318264980731161,15.212926,1,False
2023-08-15 01:00:00,2,6.0,7.308443446635069,10.919954917529749,11.716740464850483,12.16783,1,False
2023-08-15 02:00:00,2,4.0,4.8042812732961355,10.845486516947842,12.93309285115892,10.055535,1,False
2023-08-15 03:00:00,2,7.0,5.140304472625484,10.55141270188145,13.695454049802345,8.693615,1,False
2023-08-15 04:00:00,2,7.0,5.218126367435822,10.295271463368504,12.785724885897183,8.331185,1,False
2023-08-15 05:00:00,2,12.0,9.4551815194968,11.805852908210884,14.921921079493202,8.972767,1,False
2023-08-15 06:00:00,2,12.0,11.763140519807502,13.798944348781575,17.287670750542702,10.601795,1,False
2023-08-15 07:00:00,2,16.0,17.305284731873954,16.159739861853833,21.256340340664305,12.734009,1,False
2023-08-15 08:00:00,2,17.0,18.402088757799632,19.017077687806147,24.38594653525984,14.868627,1,False
2023-08-15 09:00:00,2,12.0,18.648420776964635,20.153518072319322,25.304174526627783,15.8362055,1,False
2023-08-15 10:00:00,2,13.0,19.059505500216073,16.66810119047619,23.34441000083606,15.279132,1,False
2023-08-15 11:00:00,2,10.0,12.916492461675215,14.054537463918816,20.450633657285493,13.858544,1,False
2023-08-15 12:00:00,2,14.0,11.656068850397013,12.019660782703886,17.00898089123165,12.248134,1,False
2023-08-15 13:00:00,2,12.0,9.598298498214051,12.671101186246183,16.276296724564983,11.564385,1,False
2023-08-15 14:00:00,2,11.0,14.118086336470844,13.441992063492064,17.570646432149694,11.818425,1,False
2023-08-15 15:00:00,2,11.0,12.533839581937197,15.195762699524634,20.951831761973615,13.194301,1,False
2023-08-15 16:00:00,2,13.0,18.31551073888631,16.033745491057715,23.651173495008774,14.8934965,1,False
2023-08-15 17:00:00,2,15.0,20.795593850406586,18.192984126984125,27.247682606318502,16.825235,1,False
2023-08-15 18:00:00,2,20.0,21.898161792626528,19.433653273809522,30.254602214412973,18.238764,1,False
2023-08-15 19:00:00,2,19.0,23.685882369291548,20.378668831631327,31.05388980079147,18.657503,1,False
2023-08-15 20:00:00,2,19.0,19.498037410382963,18.979592423662652,29.501081311664596,18.144949,1,False
2023-08-15 21:00:00,2,15.0,17.122125141684645,16.045084471051826,23.365610205921335,16.658512,1,False
2023-08-15 22:00:00,2,14.0,13.765589826915773,14.854638177808322,19.545172084667882,14.871317,1,False
2023-08-15 23:00:00,2,11.0,9.614966300872329,12.223831633283467,16.05907070930383,13.081793,1,False
2023-08-16 00:00:00,2,18.0,12.01128977658969,14.749176850240342,12.318186631162918,11.409338,0,False
2023-08-16 01:00:00,2,17.0,12.703990165861423,14.062767660779917,11.716665290641796,13.94056,0,False
2023-08-16 02:00:00,2,12.0,13.274627888625544,14.533691578492544,12.933020723618482,15.173173,0,False
2023-08-16 03:00:00,2,16.0,13.142499654028002,14.147368074589947,13.695384845454464,15.717033,0,False
2023-08-16 04:00:00,2,16.0,12.020594223250846,14.727617130953783,12.785658486270403,16.385971,0,False
2023-08-16 05:00:00,2,15.0,16.685884952165615,16.158267987081732,14.921857370917492,17.725025,0,False
2023-08-16 06:00:00,2,19.0,18.318493117999065,19.809483721372548,17.28760962395486,20.54513,0,False
2023-08-16 07:00:00,2,27.0,20.08566916826574,20.880587996439605,21.256281691421254,24.227243,0,False
2023-08-16 08:00:00,2,29.0,23.741971032505635,24.029441481593587,24.38589026295949,27.372301,0,False
2023-08-16 09:00:00,2,33.0,26.81747406768936,28.34863061768731,25.304120534937148,28.35206,0,False
2023-08-16 10:00:00,2,27.0,24.221461890444722,25.665196828865582,23.34435819732635,26.414177,0,False
2023-08-16 11:00:00,2,28.0,21.10647164209985,22.223146564625655,20.450583953273885,22.365334,0,False
2023-08-16 12:00:00,2,23.0,19.80912259296538,18.864533717903168,17.00893320162946,18.774464,0,False
2023-08-16 13:00:00,2,15.0,19.377041990505422,18.57860880334695,16.276250967732015,17.286114,0,False
2023-08-16 14:00:00,2,17.0,17.670135539420478,18.55625153045642,17.57060252975447,18.258415,0,False
2023-08-16 15:00:00,2,18.0,21.731287000682993,22.44739492062922,20.951789638859292,21.31685,0,False
2023-08-16 16:00:00,2,22.0,21.36701315318806,22.23885321427495,23.651133079064465,26.107714,0,False
2023-08-16 17:00:00,2,42.0,26.33343158666323,31.789964870548634,27.24764382835584,30.502398,0,False
2023-08-16 18:00:00,2,41.0,30.568807013396118,31.295623741028795,30.254565008047667,33.40808,0,False
2023-08-16 19:00:00,2,39.0,31.17782542358959,33.857236724742705,31.05385410232966,33.800667,0,False
2023-08-16 20:00:00,2,33.0,32.724191669050185,31.772645119058296,29.501047059993805,31.525053,0,False
2023-08-16 21:00:00,2,24.0,27.529663178935767,26.577204534575277,23.365577342405867,27.822773,0,False
2023-08-16 22:00:00,2,17.0,20.819072016229164,21.545480179859013,19.54514055304843,23.160524,0,False
2023-08-16 23:00:00,2,17.0,16.564258593300032,18.60961774478168,16.05904045560117,18.698265,0,False
2023-08-17 00:00:00,2,11.0,14.053810297757462,15.145092942119982,12.31815760358551,15.324881,0,False
2023-08-17 01:00:00,2,17.0,14.954909209142818,12.80774867122263,11.716637439497102,14.872916,0,False
2023-08-17 02:00:00,2,15.0,12.225168241070088,14.833654996128573,12.932994001227915,14.701082,0,False
2023-08-17 03:00:00,2,18.0,14.946492797379484,14.684904908564468,13.695359206071757,14.544423,0,False
2023-08-17 04:00:00,2,16.0,19.88314129037542,15.750931871137077,12.7856338860033,15.296821,0,False
2023-08-17 05:00:00,2,9.0,16.42786863422101,14.995457307070547,14.921833767652604,17.53372,0,False
2023-08-17 06:00:00,2,18.0,19.579192122761818,18.942177105316745,17.287586977285578,20.592884,0,False
2023-08-17 07:00:00,2,25.0,24.243454199577894,23.723375519792512,21.25625996257857,24.57252,0,False
2023-08-17 08:00:00,2,28.0,25.667850960388144,27.691593655766138,24.38586941474563,28.16717,0,False
2023-08-17 09:00:00,2,27.0,30.638534458493822,28.831241994918656,25.3041005316619,29.210356,0,False
2023-08-17 10:00:00,2,25.0,24.962780575749115,27.739511566794604,23.344339004745947,27.46677,0,False
2023-08-17 11:00:00,2,21.0,23.6974513134889,21.86195382027106,20.450565538532402,23.182564,0,False
2023-08-17 12:00:00,2,13.0,21.06073840194679,19.981677951954644,17.00891553320256,19.644905,0,False
2023-08-17 13:00:00,2,18.0,16.084835241793026,16.080128366566587,16.27623401537298,18.27298,0,False
2023-08-17 14:00:00,2,22.0,22.112210980547154,20.245722401577687,17.57058626444243,19.196949,0,False
2023-08-17 15:00:00,2,20.0,19.88444721457472,20.60384496014127,20.95177403274953,22.95183,0,False
2023-08-17 16:00:00,2,21.0,26.17707096199497,27.48795638417406,23.651118105440766,27.4398,0,False
2023-08-17 17:00:00,2,35.0,27.426930664699643,28.54602050999342,27.24762946158474,31.98777,0,False
2023-08-17 18:00:00,2,39.0,31.045972259663124,33.41795601808323,30.254551223534577,34.480736,0,False
2023-08-17 19:00:00,2,32.0,35.45689262753285,34.13998623621609,31.05384087647677,34.169804,0,False
2023-08-17 20:00:00,2,27.0,32.25704722871718,31.81931875135207,29.501034370159672,31.5474,0,False
2023-08-17 21:00:00,2,26.0,27.33034041907005,28.1483875429269,23.36556516686667,26.850948,0,False
2023-08-17 22:00:00,2,23.0,22.654090869780557,22.724028154392535,19.54512887096077,21.606012,0,False
2023-08-17 23:00:00,2,16.0,17.45123731023646,18.24821339856067,16.05902924696639,17.146376,0,False
2023-08-18 00:00:00,2,8.0,15.270464130470067,13.34443794067473,12.31814684921546,13.830203,0,False
2023-08-18 01:00:00,2,18.0,13.18052808038334,12.639599983337577,11.716627120981293,13.386899,0,False
2023-08-18 02:00:00,2,15.0,16.531293230402845,13.340853490680527,12.932984100902003,13.14637,0,False
2023-08-18 03:00:00,2,20.0,13.757352757149228,13.899966040907826,13.695349706987296,13.372383,0,False
2023-08-18 04:00:00,2,15.0,16.82129334478994,15.102124569340019,12.785624771898734,13.989039,0,False
2023-08-18 05:00:00,2,22.0,17.650466727687938,17.055286900144857,14.921825022925429,15.822053,0,False
2023-08-18 06:00:00,2,18.0,23.015651345475998,20.13873943606797,17.287578586965626,18.862165,0,False
2023-08-18 07:00:00,2,21.0,25.202219404063126,24.407831584134836,21.256251912302393,23.151415,0,False
2023-08-18 08:00:00,2,25.0,26.134125888543462,27.013956291306055,24.385861690731893,27.18707,0,False
2023-08-18 09:00:00,2,36.0,26.388980115607445,28.669423325045894,25.304093120687803,28.942461,0,False
2023-08-18 10:00:00,2,26.0,29.13640808262068,29.008992453397497,23.34433189412459,27.457254,0,False
2023-08-18 11:00:00,2,30.0,22.382455104225055,22.011667187275044,20.450558716091056,23.939873,0,False
2023-08-18 12:00:00,2,18.0,23.757900883780586,21.13839618932182,17.008908987261837,20.001322,0,False
2023-08-18 13:00:00,2,12.0,18.53895917781643,17.119431567096687,16.27622773472683,18.241526,0,False
2023-08-18 14:00:00,2,21.0,18.66853252856151,18.105230361204384,17.57058023833897,18.93694,0,False
2023-08-18 15:00:00,2,19.0,23.06711815275188,21.766802609156553,20.951768250872625,22.312813,0,False
2023-08-18 16:00:00,2,28.0,23.240316459116485,24.146721632831465,23.65111255789238,27.449776,0,False
2023-08-18 17:00:00,2,32.0,29.81511618591795,30.952907028638833,27.247624138867977,31.925629,0,False
2023-08-18 18:00:00,2,35.0,35.96658225596852,33.71843439592517,30.25454611653744,34.712124,0,False
2023-08-18 19:00:00,2,84.0,54.65893270791193,41.88999407801683,31.05383597645655,34.80406,0,True
2023-08-18 20:00:00,2,32.0,44.09211275430274,34.87874259115208,29.501029668727988,31.243465,0,False
2023-08-18 21:00:00,2,27.0,29.261027059164697,28.66910058779647,23.365560655975106,27.106737,0,False
2023-08-18 22:00:00,2,20.0,22.12514130386181,21.935073612011056,19.545124542887095,21.29893,0,False
2023-08-18 23:00:00,2,20.0,15.989758753414726,18.218149567462216,16.05902509430134,16.421558,0,False
2023-08-19 00:00:00,2,11.0,11.148111782310812,10.494994063514996,12.318142864850055,12.998455,0,False
2023-08-19 01:00:00,2,8.0,10.798811188554765,10.757314224304583,11.71662329809467,10.47967,0,False
2023-08-19 02:00:00,2,13.0,6.991489712927034,9.559972268761037,12.932980432949732,9.503447,0,False
2023-08-19 03:00:00,2,8.0,9.465598698255622,9.847865455935676,13.69534618769018,9.091407,0,False
2023-08-19 04:00:00,2,12.0,10.28052365956047,10.807749647180735,12.785621395232063,9.491794,0,False
2023-08-19 05:00:00,2,5.0,14.183109057004419,12.507714324900773,14.92182178310866,10.83808,0,False
2023-08-19 06:00:00,2,16.0,13.172860927245477,13.777287644927293,17.287575478452492,13.2420845,0,False
2023-08-19 07:00:00,2,12.0,16.737011232531234,15.508882258701766,21.256248929771406,16.11343,0,False
2023-08-19 08:00:00,2,20.0,16.43154891829296,17.820506796413643,24.385858829077236,18.660822,0,False
2023-08-19 09:00:00,2,24.0,21.778370228994927,18.549355571410686,25.30409037501059,19.543451,0,False
2023-08-19 10:00:00,2,19.0,18.891285925568162,17.453548998509653,23.34432925972447,18.62179,0,False
2023-08-19 11:00:00,2,20.0,18.279652962555275,14.99913643210035,20.450556188458183,16.005888,0,False
2023-08-19 12:00:00,2,8.0,13.92129317222424,12.718703188407682,17.008906562069136,13.688954,0,False
2023-08-19 13:00:00,2,11.0,9.864322386380461,12.074129306946261,16.276225407822594,12.475071,0,False
2023-08-19 14:00:00,2,10.0,13.308083483868405,12.749457690537916,17.570578005739755,12.976555,0,False
2023-08-19 15:00:00,2,12.0,10.947442357274605,12.893220248450286,20.951766108756424,15.206176,0,False
2023-08-19 16:00:00,2,11.0,18.884629835733012,18.33832251299818,23.65111050259209,17.995935,0,False
2023-08-19 17:00:00,2,20.0,19.55152794308493,19.5003842998773,27.247622166865114,21.0428,0,False
2023-08-19 18:00:00,2,26.0,19.954533722255466,21.71485771246298,30.25454422445612,22.644575,0,False
2023-08-19 19:00:00,2,27.0,33.43642148218816,24.5265213899648,31.053834161057697,22.190567,0,False
2023-08-19 20:00:00,2,16.0,22.650042159417204,20.538023165835668,29.501027926903813,21.286627,0,False
2023-08-19 21:00:00,2,15.0,16.29346278902848,16.904053430882847,23.365558984743764,17.964542,0,False
2023-08-19 22:00:00,2,11.0,15.579734742562772,14.384911485786459,19.545122939387593,14.325842,0,False
2023-08-19 23:00:00,2,8.0,10.544115231555919,9.820031381354413,16.059023555788634,11.623938,0,False
2023-08-20 00:00:00,2,8.0,8.037972529328425,7.532130439017309,12.318141388690353,9.55624,0,False
2023-08-20 01:00:00,2,9.0,7.070231828997393,7.407604093889059,11.716621881760924,9.727206,0,False
2023-08-20 02:00:00,2,8.0,8.528914491230019,8.490816502603296,12.932979074017311,9.563016,0,False
2023-08-20 03:00:00,2,4.0,6.045874003972056,9.107088721423493,13.695344883832716,9.447776,0,False
2023-08-20 04:00:00,2,13.0,11.927510744310693,11.376967263438132,12.78562014421747,9.621852,0,False
2023-08-20 05:00:00,2,11.0,11.20286743532902,14.285191350211036,14.921820582795318,10.775049,0,False
2023-08-20 06:00:00,2,14.0,16.02142238245648,13.543183355207766,17.287574326785577,12.632742,0,False
2023-08-20 07:00:00,2,17.0,14.568939471841592,15.16518194826207,21.25624782477937,15.336389,0,False
2023-08-20 08:00:00,2,20.0,19.03206178395738,18.561116545827428,24.385857768868433,17.643854,0,False
2023-08-20 09:00:00,2,19.0,18.29269188953385,18.652278904840774,25.30408935777004,18.815365,0,False
2023-08-20 10:00:00,2,14.0,14.188284919200418,15.850954052525966,23.344328283710755,17.851004,0,False
2023-08-20 11:00:00,2,21.0,16.399392518754624,13.273839224552173,20.450555252000452,15.259841,0,False
2023-08-20 12:00:00,2,15.0,13.700276600191419,13.736161768397558,17.008905663564263,13.1797695,0,False
2023-08-20 13:00:00,2,8.0,11.663614241786862,11.297858455400947,16.276224545732422,12.095108,0,False
2023-08-20 14:00:00,2,9.0,7.6261395828650045,11.559845944152421,17.57057717858846,12.512034,0,False
2023-08-20 15:00:00,2,22.0,12.381797014819409,14.109363841037547,20.951765315128007,14.159171,0,False
2023-08-20 16:00:00,2,16.0,18.101121921857327,19.5955842954901,23.65110974112793,17.035866,0,False
2023-08-20 17:00:00,2,17.0,18.78478604780281,19.00590256416571,27.247621436261653,20.048069,0,False
2023-08-20 18:00:00,2,20.0,22.726941083827718,22.55216276957812,30.254543523462633,21.892416,0,False
2023-08-20 19:00:00,2,24.0,22.007316039951434,21.004517825362665,31.053833488474147,22.294674,0,False
2023-08-20 20:00:00,2,18.0,19.076063926595953,21.89865336636751,29.5010272815788,20.920856,0,False
2023-08-20 21:00:00,2,18.0,16.779446710920944,17.111932182536165,23.36555836557255,18.338106,0,False
2023-08-20 22:00:00,2,23.0,10.74077227836172,13.221308804041183,19.545122345310215,15.602958,0,False
2023-08-20 23:00:00,2,5.0,12.443300306049583,12.641303814474831,16.05902298578809,12.996632,0,False
2023-08-21 00:00:00,2,12.0,12.005955784856845,14.080926861194468,12.31814084179085,11.2094555,0,False
2023-08-21 01:00:00,2,14.0,13.600720499896997,14.442406620527978,11.71662135702622,13.600457,0,False
2023-08-21 02:00:00,2,7.0,14.65494073009903,13.357833074444361,12.932978570549112,14.292764,0,False
2023-08-21 03:00:00,2,16.0,11.387484742275602,14.303516844557846,13.695344400769129,14.38219,0,False
2023-08-21 04:00:00,2,18.0,13.388301180040692,13.935271231848601,12.785619680731534,14.688357,0,False
2023-08-21 05:00:00,2,10.0,18.02831882511259,16.519512525464034,14.92182013809359,16.160984,0,False
2023-08-21 06:00:00,2,19.0,17.42945265758413,16.595120188436464,17.287573900106768,19.312647,0,False
2023-08-21 07:00:00,2,24.0,24.94539495991001,23.50560326523813,21.25624741539304,23.390533,0,False
2023-08-21 08:00:00,2,29.0,25.726143608865126,25.552311118383003,24.38585737607376,27.715729,0,False
2023-08-21 09:00:00,2,40.0,28.476960531064883,27.863347538713686,25.304088980894587,29.694809,0,False
2023-08-21 10:00:00,2,24.0,30.2029576366982,27.160601200802894,23.344327922109354,28.31673,0,False
2023-08-21 11:00:00,2,25.0,23.29075268862016,22.51056387343301,20.45055490505407,24.387197,0,False
2023-08-21 12:00:00,2,19.0,21.979768025843022,18.973736008192592,17.00890533067896,20.185488,0,False
2023-08-21 13:00:00,2,17.0,18.33941625210041,17.826216831511143,16.27622422633833,18.167194,0,False
2023-08-21 14:00:00,2,19.0,21.45835365227932,19.738319127037425,17.57057687213881,18.820572,0,False
2023-08-21 15:00:00,2,23.0,24.58562941725328,22.739254123067717,20.951765021098176,22.392385,0,False
2023-08-21 16:00:00,2,26.0,24.053382235572222,26.46276158086134,23.65110945901457,27.69524,0,False
2023-08-21 17:00:00,2,32.0,28.08411190477212,31.11063495134228,27.247621165581815,32.025154,0,False
2023-08-21 18:00:00,2,34.0,31.56326884964065,36.10824082458377,30.254543263752936,34.279636,0,False
2023-08-21 19:00:00,2,30.0,32.436818854316364,34.084534721379825,31.05383323928999,33.87825,0,False
2023-08-21 20:00:00,2,34.0,29.410926223217494,33.18383997287997,29.501027042493604,31.029955,0,False
2023-08-21 21:00:00,2,30.0,27.11349168940625,26.04339213293338,23.365558136177025,26.553629,0,False
2023-08-21 22:00:00,2,26.0,24.716767195687705,21.68531332484364,19.545122125211655,21.951069,0,False
2023-08-21 23:00:00,2,21.0,17.842726774010103,18.841487700948097,16.05902277460971,18.078365,0,False
2023-08-22 00:00:00,2,11.0,15.522816105390667,13.677816930050062,12.318140639171128,14.943729,0,False
2023-08-22 01:00:00,2,10.0,11.376569742438747,13.873954240879721,11.716621162618292,15.071812,0,False
2023-08-22 02:00:00,2,18.0,9.02468072376691,14.167321266528305,12.932978384020169,14.511745,0,False
2023-08-22 03:00:00,2,9.0,13.88012144030794,14.496881764186899,13.69534422179985,13.90891,0,False
2023-08-22 04:00:00,2,12.0,13.247143094559839,13.574714625338231,12.785619509015541,14.308265,0,False
2023-08-22 05:00:00,2,25.0,15.193162021974064,16.75662501283913,14.921819973336921,15.857638,0,False
2023-08-22 06:00:00,2,21.0,20.67370320472468,18.558476853929047,17.287573742027377,19.000484,0,False
2023-08-22 07:00:00,2,24.0,22.6157500906846,22.640387366721114,21.256247263720308,23.69549,0,False
2023-08-22 08:00:00,2,20.0,24.67277971332728,28.475643240855256,24.385857230548034,28.203468,0,False
2023-08-22 09:00:00,2,26.0,23.498416130868687,27.725482607561013,25.304088841266744,30.238455,0,False
2023-08-22 10:00:00,2,31.0,21.742044511129095,25.104090607724046,23.34432778814036,28.566929,0,False
2023-08-22 11:00:00,2,17.0,21.62214794801637,22.626137513342076,20.450554776514586,24.227459,0,False
2023-08-22 12:00:00,2,21.0,18.24007857042816,19.27119257374223,17.00890520734894,20.356388,0,False
2023-08-22 13:00:00,2,12.0,18.10764258253131,17.616150426653164,16.27622410800664,18.666,0,False
2023-08-22 14:00:00,2,16.0,16.190396219224116,18.40979453283395,17.57057675860288,19.674126,0,False
2023-08-22 15:00:00,2,16.0,18.638333744714533,19.61581185220289,20.951764912163643,23.010376,0,False
2023-08-22 16:00:00,2,27.0,20.62709498201237,22.186815477907466,23.651109354494945,27.779633,0,False
2023-08-22 17:00:00,2,24.0,25.928784105023865,29.986141335297845,27.247621065298173,31.996643,0,False
2023-08-22 18:00:00,2,34.0,27.697294819909985,28.930407212686642,30.2545431675336,34.321957,0,False
2023-08-22 19:00:00,2,36.0,29.13407203704284,31.503025692880477,31.05383314697024,33.797073,0,False
2023-08-22 20:00:00,2,32.0,29.594116735525418,32.45192798746376,29.5010269539154,30.941051,0,False
2023-08-22 21:00:00,2,28.0,25.60639035566007,26.08217908955201,23.365558051188728,26.903835,0,False
2023-08-22 22:00:00,2,23.0,21.890644658308638,22.37600046519637,19.545122043667774,22.445143,0,False
2023-08-22 23:00:00,2,18.0,17.076969899123096,18.244295513043586,16.059022696370647,18.530598,0,False
2023-08-23 00:00:00,2,14.0,16.055370737407063,15.037721675928966,12.318140564102945,15.437397,0,False
2023-08-23 01:00:00,2,15.0,13.758900531918862,13.129281519136462,11.716621090592481,15.563841,0,False
2023-08-23 02:00:00,2,10.0,13.759324621941243,14.188019283241706,12.932978314913427,15.204171,0,False
2023-08-23 03:00:00,2,13.0,12.796838949099268,14.962933698633872,13.695344155493874,14.849622,0,False
2023-08-23 04:00:00,2,23.0,15.00955570158525,14.65814278536244,12.78561944539682,15.096285,0,False
2023-08-23 05:00:00,2,18.0,20.48823068601507,18.598143866998086,14.921819912296547,16.697567,0,False
2023-08-23 06:00:00,2,24.0,20.98661958003822,19.782202360520497,17.287573683460852,20.17552,0,False
2023-08-23 07:00:00,2,24.0,25.95728556408605,24.780284051792748,21.256247207527373,24.600252,0,False
2023-08-23 08:00:00,2,24.0,25.79404989620376,27.021655698796437,24.385857176632495,28.727802,0,False
2023-08-09 09:00:00,3,22.0,17.741704521749796,18.62163462236948,15.67499198853498,,0,False
2023-08-09 10:00:00,3,16.0,16.787068598911656,16.373383807244956,15.213062919439563,,0,False
2023-08-09 11:00:00,3,14.0,15.160542738596252,14.149637407259815,13.074975427128178,,0,False
2023-08-09 12:00:00,3,12.0,9.925621934849922,10.965115642949028,10.66527800230913,,0,False
2023-08-09 13:00:00,3,18.0,11.136419318682757,10.357540426882311,9.70875223354484,,0,False
2023-08-09 14:00:00,3,13.0,12.605194888462051,11.434691983942793,10.274839834246684,,0,False
2023-08-09 15:00:00,3,17.0,14.334194324216941,12.834238979276662,12.193971387273061,,0,False
2023-08-09 16:00:00,3,13.0,18.65700891484669,16.91708237666049,14.059062719434372,,0,False
2023-08-09 17:00:00,3,16.0,17.033140386751146,18.359006643016016,17.227691825119738,,0,False
2023-08-09 18:00:00,3,18.0,20.540591464969335,20.80380963409328,18.153338022832425,,0,False
2023-08-09 19:00:00,3,19.0,19.04492967546006,20.386240930482362,18.227310472108382,,0,False
2023-08-09 20:00:00,3,15.0,19.190621944665605,19.07957184109283,17.244610336347964,,0,False
2023-08-09 21:00:00,3,15.0,16.10166644022456,15.317176447111429,14.183595040868942,,0,False
2023-08-09 22:00:00,3,17.0,11.579703374771354,13.687000199396364,11.390728584631047,,0,False
2023-08-09 23:00:00,3,11.0,10.477274224737148,10.073663281152552,9.674972644847687,,0,False
2023-08-10 00:00:00,3,3.0,6.209029887601769,8.156429200098957,7.9453243936684,,0,False
2023-08-10 01:00:00,3,13.0,7.006499571781587,8.848209827365705,7.72924201581614,,0,False
2023-08-10 02:00:00,3,4.0,7.759193102118193,7.085171900409131,7.378740584735904,,0,False
2023-08-10 03:00:00,3,12.0,7.2817127865836575,8.740116922431627,7.822009116991307,,0,False
2023-08-10 04:00:00,3,9.0,10.486426150513257,8.918416838261551,8.694386826693277,,0,False
2023-08-10 05:00:00,3,18.0,10.298978248885597,10.088602645301037,9.353639656895654,,0,False
2023-08-10 06:00:00,3,16.0,16.60333164567091,14.965374835823827,11.772411720309448,,0,False
2023-08-10 07:00:00,3,16.0,15.310363046244134,14.309446978342503,12.852503320336215,,0,False
2023-08-10 08:00:00,3,16.0,18.121127369164537,17.219268953399048,15.763382026115046,,0,False
2023-08-10 09:00:00,3,22.0,18.179807546608224,18.733743020804894,15.379569804082712,17.911715,0,False
2023-08-10 10:00:00,3,17.0,17.28237260264786,17.053986371515386,14.926760472054223,16.918402,0,False
2023-08-10 11:00:00,3,16.0,13.064214170330565,13.905477885222076,12.856958364487179,14.662595,0,False
2023-08-10 12:00:00,3,12.0,12.114094728469311,11.567719159698038,10.46674242099789,12.413768,0,False
2023-08-10 13:00:00,3,9.0,12.664604147653783,11.59932755346245,9.48909099377762,11.424424,0,False
2023-08-10 14:00:00,3,12.0,10.863273719842855,11.218374443074605,10.084314808117108,12.150446,0,False
2023-08-10 15:00:00,3,11.0,14.21461624190313,13.049685112756576,11.968406282125212,14.111359,0,False
2023-08-10 16:00:00,3,18.0,15.192498508969162,17.53186779910966,13.853551679712748,17.098871,0,False
2023-08-10 17:00:00,3,19.0,17.725364894827173,18.45949747407022,17.022590184006972,19.836885,0,False
2023-08-10 18:00:00,3,19.0,20.053351394532232,20.364775727869755,17.96790396819109,21.401367,0,False
2023-08-10 19:00:00,3,18.0,21.68053122210338,20.47454753511382,18.06272178222822,21.33287,0,False
2023-08-10 20:00:00,3,24.0,17.72605363925102,17.72864152955973,17.03222511989527,19.745409,0,False
2023-08-10 21:00:00,3,13.0,16.246727873797145,16.211642739189458,14.012141879777085,16.80311,0,False
2023-08-10 22:00:00,3,14.0,11.723400375348847,13.104498175933573,11.296577538714404,13.713216,0,False
2023-08-10 23:00:00,3,7.0,10.117083843583291,11.354301440242946,9.523519871101401,10.896477,0,False
2023-08-11 00:00:00,3,10.0,6.513539140185831,7.776965659350489,7.871115835128921,8.760902,0,False
2023-08-11 01:00:00,3,7.0,7.361762359434033,8.596516576693567,7.591371280862134,8.545932,0,False
2023-08-11 02:00:00,3,9.0,5.986221755388817,7.66046264019791,7.220384626857058,8.38964,0,False
2023-08-11 03:00:00,3,7.0,9.484360336275724,8.859714620949006,7.7080671609884135,8.4340725,0,False
2023-08-11 04:00:00,3,3.0,8.59508438195468,9.22914975541665,8.528080906092017,9.137823,0,False
2023-08-11 05:00:00,3,11.0,11.458642109315957,10.277586356309289,9.312388077236335,10.407471,0,False
2023-08-11 06:00:00,3,12.0,14.079814612208795,11.999671184744258,11.661879453122816,12.456002,0,False
2023-08-11 07:00:00,3,11.0,15.448447866341958,14.707413265632056,12.769930191065084,14.924874,0,False
2023-08-11 08:00:00,3,16.0,15.343697170716137,16.303049030724573,15.717877985584527,17.04794,0,False
2023-08-11 09:00:00,3,18.0,17.084266979431895,16.93620393590096,15.303708980688372,17.819235,0,False
2023-08-11 10:00:00,3,17.0,17.88906294503709,16.416399675796963,14.854859904918742,16.974726,0,False
2023-08-11 11:00:00,3,14.0,15.765253173232097,13.690763811304059,12.789478888570356,14.950713,0,False
2023-08-11 12:00:00,3,10.0,13.064216362337756,11.898305785124085,10.402940435601192,12.742873,0,False
2023-08-11 13:00:00,3,13.0,11.213524729835541,10.848077728533745,9.428325494507229,11.450285,0,False
2023-08-11 14:00:00,3,12.0,13.14007774674775,11.161548361411157,10.026977427755963,11.681015,0,False
2023-08-11 15:00:00,3,7.0,13.000267914703137,13.136962295779092,11.913609754795695,13.529671,0,False
2023-08-11 16:00:00,3,14.0,16.447470257491737,16.646533626564267,13.801760061267558,16.250916,0,False
2023-08-11 17:00:00,3,21.0,18.699665801819084,18.574180274838497,16.973434543826258,19.207798,0,False
2023-08-11 18:00:00,3,25.0,21.452332950718258,19.509061773127236,17.921461141473195,20.96983,0,False
2023-08-11 19:00:00,3,21.0,23.90271192424283,22.343202713611614,18.018872526657105,20.94468,0,False
2023-08-11 20:00:00,3,15.0,22.119251830263142,20.105474617362336,16.990071323045846,19.314695,0,False
2023-08-11 21:00:00,3,11.0,15.174361600238813,15.622205499059758,13.972563523009157,16.463161,0,False
2023-08-11 22:00:00,3,13.0,12.692739785585685,12.801726488806302,11.259871553012559,12.999403,0,False
2023-08-11 23:00:00,3,10.0,8.609182606158617,11.756705186535646,9.488064621283568,10.1346245,0,False
2023-08-12 00:00:00,3,7.0,4.5955408610624175,6.119390869231243,7.838325001381981,7.9137387,0,False
2023-08-12 01:00:00,3,2.0,3.0546255558302775,5.610744938385665,7.5595633089823,6.1802273,0,False
2023-08-12 02:00:00,3,6.0,0.30677013056995506,5.35195649941476,7.189955151471426,5.3882136,0,False
2023-08-12 03:00:00,3,5.0,2.645676092019901,4.9812438338221146,7.679661137570972,5.121128,0,False
2023-08-12 04:00:00,3,3.0,3.0424568594925034,4.269682789116502,8.500527941233091,5.5112495,0,False
2023-08-12 05:00:00,3,11.0,5.718391866706886,6.1743516509909275,9.287608544075466,6.476212,0,False
2023-08-12 06:00:00,3,10.0,7.4421441814817975,8.43332888385027,11.637613207759049,7.9506373,0,False
2023-08-12 07:00:00,3,9.0,7.901940976377615,8.892865784045313,12.747203029932775,9.602385,0,False
2023-08-12 08:00:00,3,7.0,10.717603106422303,11.028147067111718,15.696727339186685,10.922236,0,False
2023-08-12 09:00:00,3,13.0,11.173017556721167,11.791255093613835,15.283314226145615,11.484785,0,False
2023-08-12 10:00:00,3,9.0,10.4418041934358,11.070826340036467,14.835548955023409,11.014851,0,False
2023-08-12 11:00:00,3,11.0,10.152002373157758,9.894144063431,12.771201662207051,9.727077,0,False
2023-08-12 12:00:00,3,9.0,6.605274277756729,7.672200928072897,10.385636233371587,8.514265,0,False
2023-08-12 13:00:00,3,4.0,6.643656892361038,7.069470780032673,9.411937554860042,7.75877,0,False
2023-08-12 14:00:00,3,7.0,5.17695101735255,7.490878216327949,10.011463247875248,7.9757385,0,False
2023-08-12 15:00:00,3,11.0,8.18018501249351,8.400070137026521,11.898914930940153,9.024732,0,False
2023-08-12 16:00:00,3,6.0,9.833734848627955,11.765238773163937,13.787847762850006,10.682361,0,False
2023-08-12 17:00:00,3,13.0,12.017313966511706,11.689983435893655,16.96026080038455,12.28472,0,False
2023-08-12 18:00:00,3,50.0,34.73592375818178,30.91220087387028,17.908989117848133,13.354573,0,True
2023-08-12 19:00:00,3,10.0,24.56042502061966,15.532380586292692,18.007065185541315,13.346841,0,False
2023-08-12 20:00:00,3,7.0,13.009111370803723,13.129246619484391,16.97888475821952,12.744913,0,False
2023-08-12 21:00:00,3,18.0,8.833558962703966,10.033944571062785,13.96197564053971,10.919379,0,False
2023-08-12 22:00:00,3,1.0,8.415578717193236,9.477698300429575,11.249855397728808,8.915177,0,False
2023-08-12 23:00:00,3,7.0,2.316245744703096,8.474081561309863,9.47857325319655,7.2043986,0,False
2023-08-13 00:00:00,3,9.0,6.37342853372324,6.866943869538777,7.829347172767278,5.788444,0,False
2023-08-13 01:00:00,3,10.0,2.734859360030395,5.751278695005491,7.5510543754455215,6.182304,0,False
2023-08-13 02:00:00,3,6.0,4.944824697048205,6.552244780188475,7.181895217891117,6.037171,0,False
2023-08-13 03:00:00,3,10.0,3.072778021811054,5.733555998558274,7.672034410186906,5.99863,0,False
2023-08-13 04:00:00,3,5.0,6.815019637617555,6.5387737096972725,8.49329941807224,6.2247033,0,False
2023-08-13 05:00:00,3,5.0,8.363073030808538,7.2130201637891425,9.28077917484928,7.0339065,0,False
2023-08-13 06:00:00,3,8.0,7.506421467549755,8.11581762804365,11.631137983793874,8.360052,0,False
2023-08-13 07:00:00,3,10.0,9.248383307402166,9.444828412464592,12.741074971000717,9.902149,0,False
2023-08-13 08:00:00,3,12.0,11.190071288005448,11.446176914843258,15.690929324944483,11.306765,0,False
2023-08-13 09:00:00,3,8.0,11.730402774794735,12.05694673635478,15.277820410581338,11.979899,0,False
2023-08-13 10:00:00,3,11.0,7.599326077811925,10.322136157880772,14.830347303771864,11.474473,0,False
2023-08-13 11:00:00,3,6.0,9.748152907921392,8.91071548711572,12.766276722376766,9.975398,0,False
2023-08-13 12:00:00,3,7.0,6.231998584097431,7.0879110188380885,10.38097322438731,8.62883,0,False
2023-08-13 13:00:00,3,9.0,4.7299485842198905,6.258223125655438,9.407522490200225,7.8972406,0,False
2023-08-13 14:00:00,3,9.0,7.70177892733939,6.653128730124132,10.007283011375648,8.08286,0,False
2023-08-13 15:00:00,3,14.0,11.198628392473744,9.782478623753297,11.894956944578997,9.295094,0,False
2023-08-13 16:00:00,3,9.0,11.447400343087846,11.207800872289585,13.784100282775416,11.179925,0,False
2023-08-13 17:00:00,3,15.0,12.682281507577216,12.495349193792485,16.95671260489221,12.902005,0,False
2023-08-13 18:00:00,3,19.0,19.69248298111723,12.947017794236402,17.90562963602491,14.076434,0,False
2023-08-13 19:00:00,3,20.0,13.812991880980961,12.876380221994022,18.003884384333016,14.623648,0,False
2023-08-13 20:00:00,3,15.0,12.003304851919243,12.132372491965294,16.975873038661685,13.566888,0,False
2023-08-13 21:00:00,3,6.0,11.972385643603234,11.376758738278063,13.959124133406204,11.804936,0,False
2023-08-13 22:00:00,3,5.0,4.406403593338149,7.529867785371684,11.247155637533021,10.040561,0,False
2023-08-13 23:00:00,3,4.0,2.9169659581794,7.870183738629916,9.47601698357271,8.280575,0,False
2023-08-14 00:00:00,3,9.0,7.518367950516158,8.308272395039001,7.826926950107629,6.8584766,0,False
2023-08-14 01:00:00,3,14.0,8.321742155288955,8.23123764702584,7.548762769351486,8.756645,0,False
2023-08-14 02:00:00,3,8.0,8.218365953173306,9.005428432782912,7.179725444991058,9.114561,0,False
2023-08-14 03:00:00,3,6.0,9.325194259413001,8.963582910900818,7.669980082120917,9.035365,0,False
2023-08-14 04:00:00,3,13.0,9.902132286760336,9.428928569574019,8.491354260558321,9.317092,0,False
2023-08-14 05:00:00,3,8.0,13.129386903423217,9.406668460352373,9.278937631018385,10.312666,0,False
2023-08-14 06:00:00,3,14.0,13.410231245303383,11.532779315561454,11.629394275547478,12.245577,0,False
2023-08-14 07:00:00,3,13.0,17.22173368712359,14.623890093270848,12.739424028651475,14.763881,0,False
2023-08-14 08:00:00,3,19.0,15.434510590953288,15.968582557349759,15.689366230103017,17.314718,0,False
2023-08-14 09:00:00,3,18.0,14.6452652871214,15.974924405981167,15.276340397961127,18.413942,0,False
2023-08-14 10:00:00,3,15.0,17.335978557277315,17.035524861713885,14.828946001511945,17.462461,0,False
2023-08-14 11:00:00,3,10.0,15.483532246632521,14.348652363075882,12.764949945437282,15.417331,0,False
2023-08-14 12:00:00,3,12.0,10.297862145962034,11.741069755178865,10.379717008615554,13.167157,0,False
2023-08-14 13:00:00,3,7.0,11.897570043446096,10.991108176773405,9.406333082356147,11.731425,0,False
2023-08-14 14:00:00,3,12.0,11.129235319216734,11.020767107692247,10.006156859249293,12.0583105,0,False
2023-08-14 15:00:00,3,16.0,16.47212405050587,14.692077184089435,11.893890683080757,13.897348,0,False
2023-08-14 16:00:00,3,18.0,17.319818211396942,16.433111022048188,13.783090727638895,16.97283,0,False
2023-08-14 17:00:00,3,18.0,20.237518565682596,18.703007674711575,16.95575674004475,19.701948,0,False
2023-08-14 18:00:00,3,20.0,23.26427700199651,20.560059692922685,17.90472460640331,21.25637,0,False
2023-08-14 19:00:00,3,23.0,22.804089698892756,20.196738461092284,18.00302748643906,21.216858,0,False
2023-08-14 20:00:00,3,17.0,20.306236627607486,19.72179815666331,16.975061711655478,19.446583,0,False
2023-08-14 21:00:00,3,16.0,16.876604599050804,15.625594674384613,13.958355955107075,16.618525,0,False
2023-08-14 22:00:00,3,9.0,11.387016047674225,12.891751415005304,11.246428313812602,13.644003,0,False
2023-08-14 23:00:00,3,9.0,8.308644715935396,10.173738937893535,9.475328339595803,10.907225,0,False
2023-08-15 00:00:00,3,5.0,1.9844059011395707,7.223361042368008,7.82627493090788,8.821872,1,False
2023-08-15 01:00:00,3,2.0,3.8138340451324773,8.665900865186225,7.548145424943012,6.9468336,1,False
2023-08-15 02:00:00,3,5.0,-1.5789259650753955,6.223763972924185,7.179140931927747,5.5544906,1,False
2023-08-15 03:00:00,3,6.0,-0.36527631341481737,6.104074286505847,7.669426655380951,4.6479554,1,False
2023-08-15 04:00:00,3,4.0,3.9593998943470865,7.313065798705137,8.490830265383922,4.498125,1,False
2023-08-15 05:00:00,3,6.0,2.604529031712133,8.257546964966558,9.278441504975026,5.06358,1,False
2023-08-15 06:00:00,3,4.0,6.469607901495317,9.75872686404445,11.628924533477674,5.9967737,1,False
2023-08-15 07:00:00,3,8.0,6.499434595427045,9.333062186328043,12.738979268896971,7.192693,1,False
2023-08-15 08:00:00,3,8.0,8.713250972466124,10.686928248834498,15.688945124217103,8.2204075,1,False
2023-08-15 09:00:00,3,8.0,9.258022723440058,11.002384379509381,15.275941686925979,8.782655,1,False
2023-08-15 10:00:00,3,8.0,8.092405039548648,10.636652732683983,14.82856849484305,8.676129,1,False
2023-08-15 11:00:00,3,6.0,4.415474833658301,9.419468932961532,12.764592515448582,8.044781,1,False
2023-08-15 12:00:00,3,8.0,2.9641223936493013,8.37845253981689,10.37937858757498,7.2895503,1,False
2023-08-15 13:00:00,3,6.0,3.215269165765264,7.931168832672016,9.406012659317083,6.942758,1,False
2023-08-15 14:00:00,3,8.0,3.8354116112528835,7.693414593453049,10.005853477045612,7.165306,1,False
2023-08-15 15:00:00,3,4.0,7.735927414552966,9.809703870502256,11.893603435430427,7.9431195,1,False
2023-08-15 16:00:00,3,10.0,8.391926320484577,9.683628472222221,13.782818756478976,9.145585,1,False
2023-08-15 17:00:00,3,8.0,11.840205660133527,12.049291283308193,16.955499232933086,10.351761,1,False
2023-08-15 18:00:00,3,11.0,12.08718239584718,11.85433911921412,17.904480794112118,11.282332,1,False
2023-08-15 19:00:00,3,15.0,12.866294735873526,12.162297968371593,18.00279664064677,11.599775,1,False
2023-08-15 20:00:00,3,8.0,13.115734819128821,13.27176021478223,16.97484314276174,11.291956,1,False
2023-08-15 21:00:00,3,9.0,8.142422570343939,10.206783301869699,13.95814901021383,10.485634,1,False
2023-08-15 22:00:00,3,5.0,2.6978693625536287,7.637514602573774,11.24623237473581,9.236203,1,False
2023-08-15 23:00:00,3,5.0,1.1563663411859295,6.855659980340321,9.475142820997315,7.820543,1,False
2023-08-16 00:00:00,3,5.0,4.44211425068174,9.626316020466348,7.82609927862652,6.598136,0,False
2023-08-16 01:00:00,3,0.0,5.07054049438435,8.834269487293211,7.5479791142406825,8.581,0,False
2023-08-16 02:00:00,3,10.0,5.078892300564059,8.41046669976834,7.178983466005037,9.465465,0,False
2023-08-16 03:00:00,3,9.0,7.40230394961276,8.728368851892698,7.669277563863723,9.78369,0,False
2023-08-16 04:00:00,3,6.0,9.826284199202005,9.811147427354477,8.49068910288502,10.239455,0,False
2023-08-16 05:00:00,3,13.0,7.773169834512329,9.675726918029575,9.278307849842626,11.28173,0,False
2023-08-16 06:00:00,3,13.0,12.63316155988666,11.88381980439953,11.628797986418888,12.754737,0,False
2023-08-16 07:00:00,3,14.0,13.552692066063077,13.611619079398956,12.738859451905045,14.836211,0,False
2023-08-16 08:00:00,3,18.0,13.900320758381906,14.008693164321091,15.688831679373559,16.599379,0,False
2023-08-16 09:00:00,3,19.0,17.114131821975526,17.36310584793513,15.27583427533352,17.052013,0,False
2023-08-16 10:00:00,3,16.0,14.95733702302013,16.312799673249675,14.828466795645454,16.044844,0,False
2023-08-16 11:00:00,3,15.0,12.722076111661528,14.042899211434953,12.764496224847708,13.804247,0,False
2023-08-16 12:00:00,3,12.0,11.779599243323691,10.962834223397627,10.379287417929154,11.638152,0,False
2023-08-16 13:00:00,3,10.0,12.467138362609756,10.445509070439384,9.405926338282091,10.591909,0,False
2023-08-16 14:00:00,3,9.0,11.256183644461883,10.906682526891569,10.005771746761306,11.05703,0,False
2023-08-16 15:00:00,3,11.0,12.29635804397936,12.880324631439121,11.893526051750028,12.743087,0,False
2023-08-16 16:00:00,3,13.0,13.557917835656784,14.06841621788584,13.782745488240227,15.328449,0,False
2023-08-16 17:00:00,3,18.0,15.467886788698578,16.124460959515112,16.95542986126732,17.978962,0,False
2023-08-16 18:00:00,3,22.0,18.306992801002608,17.190737657711058,17.904415111790684,19.7138,0,False
2023-08-16 19:00:00,3,23.0,20.2196590530526,19.57349186757724,18.002734451461883,20.035261,0,False
2023-08-16 20:00:00,3,19.0,17.387509338871762,17.217669070292597,16.97478426094024,18.903606,0,False
2023-08-16 21:00:00,3,19.0,15.281619500853324,13.594188505345846,13.958093259862729,16.459831,0,False
2023-08-16 22:00:00,3,10.0,13.444840195370993,12.455418943824633,11.246179589316403,13.682165,0,False
2023-08-16 23:00:00,3,14.0,7.714943784741475,11.009851051964283,9.475092842827468,11.174817,0,False
2023-08-17 00:00:00,3,11.0,6.701359757334943,8.052138440743583,7.826051958410531,8.930272,0,False
2023-08-17 01:00:00,3,4.0,7.428379668556598,7.031649666623814,7.547934310622189,8.889088,0,False
2023-08-17 02:00:00,3,5.0,4.864920226065385,7.757389402190617,7.1789410451456925,8.820435,0,False
2023-08-17 03:00:00,3,7.0,7.7788842346305245,8.33260312567319,7.66923739904306,8.75741,0,False
2023-08-17 04:00:00,3,10.0,7.742236806007774,8.80166166145366,8.490651074121534,9.341669,0,False
2023-08-17 05:00:00,3,3.0,13.60083371397971,10.490321838212472,9.278271843536253,10.569552,0,False
2023-08-17 06:00:00,3,12.0,12.249438781366973,11.680538774305614,11.628763895010337,12.78587,0,False
2023-08-17 07:00:00,3,16.0,14.945599452630937,14.087670671425126,12.738827173555846,15.144904,0,False
2023-08-17 08:00:00,3,22.0,16.579142008722787,15.041272561311247,15.688801117661079,17.034092,0,False
2023-08-17 09:00:00,3,22.0,19.88885076545856,18.020216331849856,15.275805338962948,17.555876,0,False
2023-08-17 10:00:00,3,15.0,17.402261227750884,17.32683036771969,14.828439398177446,16.475708,0,False
2023-08-17 11:00:00,3,12.0,14.667258251404235,13.623676871455993,12.764470284439897,14.084363,0,False
2023-08-17 12:00:00,3,15.0,11.609042224100543,11.272127306861323,10.379262857091735,11.92595,0,False
2023-08-17 13:00:00,3,15.0,10.89923228175456,9.863984651541628,9.405903083646344,10.957915,0,False
2023-08-17 14:00:00,3,13.0,12.19702439811555,11.284941583875852,10.005749728860431,11.524517,0,False
2023-08-17 15:00:00,3,9.0,12.745674291168527,13.923873714302424,11.893505204811628,13.54112,0,False
2023-08-17 16:00:00,3,16.0,15.167758345795125,16.95095843000407,13.782725749989831,16.372164,0,False
2023-08-17 17:00:00,3,17.0,18.72042901474863,18.400815445935528,16.955411172742355,19.24924,0,False
2023-08-17 18:00:00,3,17.0,20.095888405499835,20.57341712814171,17.904397417164347,21.112661,0,False
2023-08-17 19:00:00,3,21.0,19.906568856200686,20.49816323114884,18.002717697876367,21.157547,0,False
2023-08-17 20:00:00,3,16.0,21.1118846763424,19.304030645955777,16.97476839834883,19.417898,0,False
2023-08-17 21:00:00,3,23.0,15.22218622154244,15.518125138046928,13.958078240880317,16.772882,0,False
2023-08-17 22:00:00,3,10.0,14.008436375719635,13.037283310427362,11.24616536907793,13.486898,0,False
2023-08-17 23:00:00,3,4.0,7.8393805722512955,10.90936032818855,9.475079378853895,10.711453,0,False
2023-08-18 00:00:00,3,9.0,8.165418228239762,8.115858490976082,7.826039210481959,8.3651495,0,False
2023-08-18 01:00:00,3,13.0,6.203156133463549,8.034354148796547,7.547922240657699,8.242622,0,False
2023-08-18 02:00:00,3,9.0,8.084935965359918,7.41481732095514,7.1789296170896,8.043193,0,False
2023-08-18 03:00:00,3,7.0,7.808527709386228,8.574886728593578,7.669226578757206,8.172265,0,False
2023-08-18 04:00:00,3,6.0,7.685504768849061,9.557013371683103,8.4906408292833,8.775216,0,False
2023-08-18 05:00:00,3,5.0,9.577659157228988,8.951238285314972,9.278262143542019,9.961859,0,False
2023-08-18 06:00:00,3,10.0,11.956674729681628,12.418486122229913,11.628754710884047,11.874537,0,False
2023-08-18 07:00:00,3,11.0,13.93267290811786,13.727009550525162,12.73881847786246,14.290435,0,False
2023-08-18 08:00:00,3,17.0,16.723599855540893,15.05772261728943,15.688792884424615,16.481636,0,False
2023-08-18 09:00:00,3,17.0,18.445644430048993,17.77791912838119,15.275797543588885,17.645113,0,False
2023-08-18 10:00:00,3,17.0,16.382298930436704,17.458506057817775,14.828432017379257,17.049704,0,False
2023-08-18 11:00:00,3,11.0,14.438093353097024,14.321181399804507,12.764463296169485,14.873694,0,False
2023-08-18 12:00:00,3,11.0,11.870172742473914,11.8546768384774,10.379256240473575,12.499364,0,False
2023-08-18 13:00:00,3,14.0,12.675386360159138,10.56695135324208,9.405896818915114,11.192376,0,False
2023-08-18 14:00:00,3,6.0,13.160510042551472,11.170235253125389,10.00574379730198,11.534126,0,False
2023-08-18 15:00:00,3,11.0,9.969141434773677,12.229781552770843,11.893499588707062,13.261615,0,False
2023-08-18 16:00:00,3,15.0,15.40319925690035,16.333861454828494,13.782720432562588,15.656278,0,False
2023-08-18 17:00:00,3,17.0,19.414014196618194,19.211109575182892,16.95540613810809,18.441322,0,False
2023-08-18 18:00:00,3,25.0,21.724986660668982,19.2023779865188,17.90439265028348,20.324821,0,False
2023-08-18 19:00:00,3,15.0,23.088440180574068,20.740997788027865,18.00271318450916,20.43625,0,False
2023-08-18 20:00:00,3,10.0,17.28221760854892,17.345991488217702,16.974764125012843,18.809025,0,False
2023-08-18 21:00:00,3,19.0,14.536241677846926,14.383808905360226,13.958074194810141,15.713593,0,False
2023-08-18 22:00:00,3,9.0,13.02535345831879,11.811485882631043,11.246161538187048,12.528303,0,False
2023-08-18 23:00:00,3,8.0,7.139272823229149,10.571175511233092,9.475075751698578,9.86819,0,False
2023-08-19 00:00:00,3,6.0,4.597589313295524,6.116946164047745,7.826035776227081,7.706389,0,False
2023-08-19 01:00:00,3,9.0,2.417067268655483,5.597303872195682,7.547918989044374,6.055798,0,False
2023-08-19 02:00:00,3,3.0,3.7221176455498117,6.6143172820425455,7.1789265384045295,5.2213397,0,False
2023-08-19 03:00:00,3,4.0,2.324667654171492,6.000786710130467,7.6692236638036695,5.055277,0,False
2023-08-19 04:00:00,3,2.0,2.7707956444226127,5.2508176722115385,8.49063806935368,5.4246373,0,False
2023-08-19 05:00:00,3,6.0,5.47569129758603,6.684738005565645,9.278259530391788,6.3074193,0,False
2023-08-19 06:00:00,3,12.0,7.857371042889223,7.369413790102845,11.62875223670714,7.7350245,0,False
2023-08-19 07:00:00,3,7.0,9.683140101454276,9.544998377354194,12.738816135267953,9.398594,0,False
2023-08-19 08:00:00,3,8.0,9.047022860181167,10.145255927371972,15.68879066641466,10.758806,0,False
2023-08-19 09:00:00,3,11.0,10.590432001728965,11.402138133020028,15.275795443537787,11.196194,0,False
2023-08-19 10:00:00,3,12.0,9.258683546686816,10.5232881883958,14.828430029013694,10.643476,0,False
2023-08-19 11:00:00,3,12.0,8.489556618393893,8.823779872444312,12.764461413549762,9.353708,0,False
2023-08-19 12:00:00,3,7.0,7.61107051562915,7.944091384422499,10.379254457975888,8.099496,0,False
2023-08-19 13:00:00,3,12.0,5.478963187936726,7.007918234065292,9.405895131214743,7.4730983,0,False
2023-08-19 14:00:00,3,9.0,6.661386477001052,7.403098922835291,10.005742199357385,7.70456,0,False
2023-08-19 15:00:00,3,9.0,8.90079155566616,8.587985187735514,11.893498075744827,8.736471,0,False
2023-08-19 16:00:00,3,10.0,9.152994953334808,10.94848477535093,13.782719000063155,10.367556,0,False
2023-08-19 17:00:00,3,6.0,12.588840423229062,12.771959336902583,16.95540478179226,11.915015,0,False
2023-08-19 18:00:00,3,11.0,24.502101144853405,13.826905191622101,17.90439136609964,13.006168,0,False
2023-08-19 19:00:00,3,10.0,11.567721926789659,12.117838265489315,18.002711968621163,13.784948,0,False
2023-08-19 20:00:00,3,11.0,8.644048684669503,9.526153887919355,16.974762973788557,12.357605,0,False
2023-08-19 21:00:00,3,8.0,12.431852642869066,9.989327036308532,13.958073104810605,10.333289,0,False
2023-08-19 22:00:00,3,4.0,3.1471711853268225,6.311149303129665,11.246160506156187,8.616858,0,False
2023-08-19 23:00:00,3,10.0,2.149917035105954,7.075888952141719,9.475074774553486,6.7885923,0,False
2023-08-20 00:00:00,3,0.0,5.75452474327685,6.551224913674117,7.8260348510488065,5.411121,0,False
2023-08-20 01:00:00,3,13.0,3.5912738521430825,6.267729430661206,7.547918113069202,5.802366,0,False
2023-08-20 02:00:00,3,2.0,4.597214919961607,6.587297081097137,7.178925709015727,5.7187653,0,False
2023-08-20 03:00:00,3,5.0,4.047182505532948,6.688563977544066,7.669222878523666,5.653316,0,False
2023-08-20 04:00:00,3,1.0,4.0570615564724335,6.037878682675577,8.49063732583667,5.9079227,0,False
2023-08-20 05:00:00,3,3.0,4.632937950018972,7.497247236637215,9.278258826416716,6.5721626,0,False
2023-08-20 06:00:00,3,10.0,7.893574871479634,7.868176400783439,11.628751570171078,7.689918,0,False
2023-08-20 07:00:00,3,7.0,9.720923746185614,9.64317568814543,12.738815504179808,9.198758,0,False
2023-08-20 08:00:00,3,9.0,9.901572956300418,10.32038616397941,15.68879006888923,10.598774,0,False
2023-08-20 09:00:00,3,14.0,9.28920393934448,10.4259170049646,15.27579487779013,11.240119,0,False
2023-08-20 10:00:00,3,16.0,10.832848143232075,10.982093905000907,14.828429493353795,10.72046,0,False
2023-08-20 11:00:00,3,8.0,9.32937907248879,8.518618551248773,12.764460906377485,9.464801,0,False
2023-08-20 12:00:00,3,2.0,6.59178026232423,8.209846788651193,10.379253977776196,8.059768,0,False
2023-08-20 13:00:00,3,6.0,6.46727623626272,7.7673166442101955,9.405894676553173,7.2928686,0,False
2023-08-20 14:00:00,3,6.0,7.09668881175242,7.145595184412566,10.00574176887576,7.5959525,0,False
2023-08-20 15:00:00,3,8.0,9.455471909917543,7.701661045694839,11.8934976681572,8.76625,0,False
2023-08-20 16:00:00,3,12.0,9.74341686850933,8.86162660692462,13.782718614151975,10.503836,0,False
2023-08-20 17:00:00,3,15.0,12.736995178279559,11.240652845103996,16.955404416404722,12.098119,0,False
2023-08-20 18:00:00,3,11.0,16.08298676026356,13.689727235408272,17.90439102014425,13.176899,0,False
2023-08-20 19:00:00,3,14.0,15.137291872361256,12.096431479816834,18.002711641064472,13.455334,0,False
2023-08-20 20:00:00,3,13.0,13.587047482461287,11.335598754273436,16.974762663652083,12.715846,0,False
2023-08-20 21:00:00,3,16.0,8.640586107557546,9.946456663512246,13.9580728111679,11.252528,0,False
2023-08-20 22:00:00,3,11.0,6.783010991520332,8.191925328436804,11.246160228130075,9.422985,0,False
2023-08-20 23:00:00,3,5.0,4.759977406578097,6.920014236197707,9.47507451131344,7.783775,0,False
2023-08-21 00:00:00,3,5.0,6.883729425183477,8.31358076301703,7.8260346018084705,6.438816,0,False
2023-08-21 01:00:00,3,7.0,9.772251375883087,8.646001831288324,7.547917877084039,8.322033,0,False
2023-08-21 02:00:00,3,9.0,6.518474864319067,8.41371262913903,7.178925485580796,8.71006,0,False
2023-08-21 03:00:00,3,8.0,7.706558253992554,9.596609572378675,7.669222666971517,8.527815,0,False
2023-08-21 04:00:00,3,6.0,10.059873298593708,9.643007815246028,8.490637125535349,8.714606,0,False
2023-08-21 05:00:00,3,7.0,9.539848708938443,9.219537985359363,9.278258636767879,9.73118,0,False
2023-08-21 06:00:00,3,14.0,13.581134275673389,11.202092598718336,11.628751390608201,11.451631,0,False
2023-08-21 07:00:00,3,8.0,14.882876910392667,13.160653091755048,12.738815334166498,13.914519,0,False
2023-08-21 08:00:00,3,20.0,15.670956210706134,14.271788323972903,15.688789907917617,16.23599,0,False
2023-08-21 09:00:00,3,17.0,18.712720189617855,17.731705959416924,15.275794725379356,17.45282,0,False
2023-08-21 10:00:00,3,14.0,16.833506159466264,15.944722664404463,14.828429349048577,16.94545,0,False
2023-08-21 11:00:00,3,14.0,12.762022824248897,12.883641002631068,12.764460769746748,14.838602,0,False
2023-08-21 12:00:00,3,15.0,11.780104445752476,12.52565590072177,10.379253848411796,12.300474,0,False
2023-08-21 13:00:00,3,11.0,11.21412851722089,11.571972163314324,9.405894554068668,10.882391,0,False
2023-08-21 14:00:00,3,9.0,12.32392713338179,11.897434160172295,10.005741652905263,11.064629,0,False
2023-08-21 15:00:00,3,12.0,14.208539794585977,13.602395056589533,11.89349755835428,12.855421,0,False
2023-08-21 16:00:00,3,15.0,17.09493715676149,16.589636847053786,13.782718510188625,15.69127,0,False
2023-08-21 17:00:00,3,20.0,19.2083304355901,18.372791833554867,16.95540431797038,18.536806,0,False
2023-08-21 18:00:00,3,16.0,20.892981077086183,20.088262227892653,17.904390926944874,20.179918,0,False
2023-08-21 19:00:00,3,19.0,21.274001981923487,20.210336561354882,18.00271155282165,20.07839,0,False
2023-08-21 20:00:00,3,18.0,19.135988313908815,17.922831255197973,16.97476258010222,18.46628,0,False
2023-08-21 21:00:00,3,16.0,17.639081746810554,15.243481730912839,13.95807273206141,15.851313,0,False
2023-08-21 22:00:00,3,12.0,12.549854599367066,11.93898397354219,11.24616015323065,13.098838,0,False
2023-08-21 23:00:00,3,11.0,8.860934228169407,11.397758741521736,9.475074440397337,10.492005,0,False
2023-08-22 00:00:00,3,2.0,7.577905879618189,8.536585544622769,7.826034534663849,8.415026,0,False
2023-08-22 01:00:00,3,3.0,4.090901027684595,8.768744562346487,7.547917813510322,8.759808,0,False
2023-08-22 02:00:00,3,13.0,5.432685093295055,8.856339966931506,7.178925425388075,8.308198,0,False
2023-08-22 03:00:00,3,8.0,8.534191769415125,9.30308775155665,7.669222609979983,7.9800205,0,False
2023-08-22 04:00:00,3,8.0,7.721511825296918,10.460175351965331,8.490637071574756,8.300083,0,False
2023-08-22 05:00:00,3,4.0,9.747852185874887,10.437245562035297,9.278258585677033,9.337483,0,False
2023-08-22 06:00:00,3,5.0,10.073241623124973,10.94650559896081,11.628751342234484,11.24859,0,False
2023-08-22 07:00:00,3,15.0,10.780120935788405,11.745969058447313,12.738815288365407,13.637336,0,False
2023-08-22 08:00:00,3,20.0,15.143704555759182,14.53545962094117,15.688789864552332,15.8064575,0,False
2023-08-22 09:00:00,3,14.0,15.64792226753217,15.504149439566596,15.275794684320337,17.023851,0,False
2023-08-22 10:00:00,3,17.0,13.318372546091506,14.27857021659671,14.82842931017317,16.3222,0,False
2023-08-22 11:00:00,3,17.0,12.740837127502168,13.48944185684381,12.764460732938826,14.131861,0,False
2023-08-22 12:00:00,3,11.0,13.047305624775802,11.716841003556619,10.379253813561403,11.946017,0,False
2023-08-22 13:00:00,3,14.0,10.42440922271935,11.232318789587874,9.4058945210717,10.919986,0,False
2023-08-22 14:00:00,3,10.0,11.820295069106262,11.206604625551599,10.005741621663148,11.2391405,0,False
2023-08-22 15:00:00,3,14.0,10.968125874112364,13.021548526138165,11.893497528773693,13.005833,0,False
2023-08-22 16:00:00,3,21.0,15.27860370963596,15.375767529161925,13.7827184821812,15.5961075,0,False
2023-08-22 17:00:00,3,21.0,18.102725391664997,17.51933172073122,16.955404291452457,18.383326,0,False
2023-08-22 18:00:00,3,20.0,18.98944823132094,18.98707261314969,17.904390901837232,20.136856,0,False
2023-08-22 19:00:00,3,18.0,20.388892433138494,20.07278740966418,18.002711529049293,20.152712,0,False
2023-08-22 20:00:00,3,22.0,16.648726999980944,17.04735525803921,16.97476255759413,18.761497,0,False
2023-08-22 21:00:00,3,18.0,16.07808544663545,15.583340545197961,13.958072710750352,16.182564,0,False
2023-08-22 22:00:00,3,15.0,11.57446103547156,12.646061577026401,11.246160133052962,13.533491,0,False
2023-08-22 23:00:00,3,11.0,9.082986772495817,11.206210009998069,9.475074421292746,11.018616,0,False
2023-08-23 00:00:00,3,11.0,6.430310967410103,7.948172335361852,7.826034516575284,9.010544,0,False
2023-08-23 01:00:00,3,6.0,4.357094980847361,8.795529166182225,7.547917796383748,9.2515135,0,False
2023-08-23 02:00:00,3,6.0,7.87932888811139,8.409711969805233,7.178925409172332,8.899638,0,False
2023-08-23 03:00:00,3,6.0,7.280885969617833,8.125653231388394,7.66922259462663,8.796658,0,False
2023-08-23 04:00:00,3,11.0,7.294011415725619,9.64356857347383,8.49063705703793,9.130922,0,False
2023-08-23 05:00:00,3,8.0,11.065906862751872,9.74123857184423,9.278258571913309,10.174832,0,False
2023-08-23 06:00:00,3,9.0,11.499043736714624,11.378585341403623,11.628751329202744,12.210708,0,False
2023-08-23 07:00:00,3,14.0,14.239653472835172,13.480901014908618,12.738815276026726,14.700594,0,False
2023-08-23 08:00:00,3,13.0,17.382792127820526,16.69219177818702,15.688789852869851,16.96487,0,False
2023-08-09 09:00:00,4,9.0,9.394893569550925,9.098194781198917,9.037009790443676,,0,False
2023-08-09 10:00:00,4,10.0,8.974382304766172,8.6726587853688,8.615642171013661,,0,False
2023-08-09 11:00:00,4,7.0,7.11903983612075,7.926975726591565,7.254079076145083,,0,False
2023-08-09 12:00:00,4,8.0,6.762469387901,7.234368564803637,6.479675745900145,,0,False
2023-08-09 13:00:00,4,10.0,5.3066673644403455,6.233562758563544,5.821787116259592,,0,False
2023-08-09 14:00:00,4,7.0,7.992037683835287,6.368650337392971,6.215785571978059,,0,False
2023-08-09 15:00:00,4,5.0,8.419305903700462,7.72047949757475,7.461329282489692,,0,False
2023-08-09 16:00:00,4,10.0,9.427305946474657,8.391445048914484,8.475509235040901,,0,False
2023-08-09 17:00:00,4,9.0,12.468290047582828,10.520253554324675,9.657031377743241,,0,False
2023-08-09 18:00:00,4,10.0,13.733980054653301,11.555544730211068,10.37206694395084,,0,False
2023-08-09 19:00:00,4,8.0,12.001235168060976,11.314084383163298,10.904780331855155,,0,False
2023-08-09 20:00:00,4,11.0,11.127320362450417,9.817867413073298,9.32143875550151,,0,False
2023-08-09 21:00:00,4,8.0,8.376288925015173,8.320018755068922,8.604810419716841,,0,False
2023-08-09 22:00:00,4,7.0,6.327585902297182,7.041999538006921,6.908589871107884,,0,False
2023-08-09 23:00:00,4,6.0,4.237090405897915,5.707779822932707,5.443633598833236,,0,False
2023-08-10 00:00:00,4,2.0,3.2791381371385597,4.839059318760763,4.197301155420858,,0,False
2023-08-10 01:00:00,4,3.0,1.5918268328977199,5.1342133305603825,5.219081216979175,,0,False
2023-08-10 02:00:00,4,6.0,2.214955358555816,5.093215421890488,4.339795482260731,,0,False
2023-08-10 03:00:00,4,6.0,2.815875988923363,4.4032636309976185,4.2614965193526135,,0,False
2023-08-10 04:00:00,4,4.0,5.589475414147463,5.102142590086716,4.219058335662855,,0,False
2023-08-10 05:00:00,4,5.0,5.248335391099136,5.084033289208381,5.025863599274331,,0,False
2023-08-10 06:00:00,4,3.0,6.55590099187271,5.573965154495166,5.7819416728025,,0,False
2023-08-10 07:00:00,4,6.0,7.989093537092096,7.931803774017014,6.890653508900111,,0,False
2023-08-10 08:00:00,4,10.0,9.113741693935141,8.940039746720426,7.966400343901795,,0,False
2023-08-10 09:00:00,4,10.0,8.223092028323585,9.206364404373554,8.708063513452682,10.15914,0,False
2023-08-10 10:00:00,4,12.0,7.5454658175130955,8.543729474872643,8.30223991237119,9.67408,0,False
2023-08-10 11:00:00,4,8.0,8.152852435469896,7.8703698108622815,6.958608608786523,8.518865,0,False
2023-08-10 12:00:00,4,7.0,7.90637992089165,6.966319637576281,6.199448608639958,7.36505,0,False
2023-08-10 13:00:00,4,10.0,6.209729929365123,6.174432889116831,5.557320259732383,6.791999,0,False
2023-08-10 14:00:00,4,5.0,7.457611476198702,6.583422827562623,5.9653004203039925,6.950851,0,False
2023-08-10 15:00:00,4,8.0,7.7445617088419105,7.496525214796952,7.224349163470871,7.9482875,0,False
2023-08-10 16:00:00,4,6.0,10.01097826106626,9.043108565865271,8.25057656287073,9.510849,0,False
2023-08-10 17:00:00,4,10.0,9.802430426220457,10.219712085201445,9.443521800658921,11.170807,0,False
2023-08-10 18:00:00,4,8.0,11.954332804690454,11.128550844534493,10.169845160221433,12.16564,0,False
2023-08-10 19:00:00,4,9.0,11.189698177326427,10.316489250626383,10.713508275707163,12.2591,0,False
2023-08-10 20:00:00,4,9.0,11.681423083894543,9.877998796798458,9.140501555438183,11.304841,0,False
2023-08-10 21:00:00,4,9.0,9.39004711577703,8.035542078222223,8.434281030720282,9.762696,0,False
2023-08-10 22:00:00,4,7.0,6.964989429933334,7.266144896591299,6.745970584485945,7.8883076,0,False
2023-08-10 23:00:00,4,8.0,4.714897047372199,6.455023528202868,5.290831720554446,6.0715675,0,False
2023-08-11 00:00:00,4,0.0,4.920867358587206,4.866999268992699,4.052932477741706,4.5313983,0,False
2023-08-11 01:00:00,4,6.0,1.9243153787949332,4.896550852016235,5.081802681646857,4.6849895,0,False
2023-08-11 02:00:00,4,2.0,3.5637703444106954,5.217489170450973,4.210550834647793,4.627263,0,False
2023-08-11 03:00:00,4,2.0,4.130060707897702,4.147210392127935,4.139496216387518,4.716613,0,False
2023-08-11 04:00:00,4,6.0,3.3909550000192183,5.041665112486059,4.102286256144491,5.1251693,0,False
2023-08-11 05:00:00,4,5.0,7.058477646288191,5.420486580090863,4.9152437796722745,5.8398604,0,False
2023-08-11 06:00:00,4,5.0,6.835374558657135,5.829646961633345,5.6781187480621504,7.009756,0,False
2023-08-11 07:00:00,4,10.0,8.752878005137488,8.018603036589568,6.792104129035385,8.314933,0,False
2023-08-11 08:00:00,4,10.0,9.949002383756646,8.613871456699444,7.872484277985776,9.501458,0,False
2023-08-11 09:00:00,4,11.0,12.273275264468314,9.109408351590211,8.619701172797207,10.050444,0,False
2023-08-11 10:00:00,4,6.0,9.846212584369265,9.442441618625658,8.218604685735443,9.818952,0,False
2023-08-11 11:00:00,4,7.0,6.943334565719482,7.312650071311715,6.879448640388971,8.67898,0,False
2023-08-11 12:00:00,4,7.0,6.816537147441906,6.984523571487383,6.124523878486178,7.3604283,0,False
2023-08-11 13:00:00,4,3.0,7.294577042706015,6.558840355895909,5.4864046044543695,6.628019,0,False
2023-08-11 14:00:00,4,6.0,6.020271474613782,6.4261335417832175,5.89817902587117,6.797976,0,False
2023-08-11 15:00:00,4,5.0,7.778146642415553,7.359807405347807,7.160819109251197,7.741245,0,False
2023-08-11 16:00:00,4,9.0,9.075995379814664,8.760310165694706,8.19044545195361,9.276755,0,False
2023-08-11 17:00:00,4,11.0,11.336781321272127,10.236031841682795,9.386607780510486,10.848942,0,False
2023-08-11 18:00:00,4,12.0,13.136433461703621,11.579449219025985,10.11597625923901,11.858274,0,False
2023-08-11 19:00:00,4,11.0,20.989006481849277,11.305868198479779,10.66252165398285,11.91518,0,False
2023-08-11 20:00:00,4,9.0,11.446347932601684,9.960690946788654,9.092242988042528,11.465198,0,False
2023-08-11 21:00:00,4,10.0,9.509011936672131,8.786323352589141,8.388604761482144,9.50379,0,False
2023-08-11 22:00:00,4,6.0,6.444254977707164,7.335500607756004,6.702737805375932,7.4066725,0,False
2023-08-11 23:00:00,4,8.0,4.014508981261887,6.680419033408726,5.249912465727044,5.513615,0,False
2023-08-12 00:00:00,4,6.0,-0.08230464407732185,2.479264124218757,4.014202678306048,4.006585,0,False
2023-08-12 01:00:00,4,1.0,0.15666680206980388,2.677281350488919,5.045144896068216,2.9658594,0,False
2023-08-12 02:00:00,4,5.0,-2.549584784424127,3.146454206856235,4.175854638974911,2.5378995,0,False
2023-08-12 03:00:00,4,4.0,0.16856141489912702,2.9862133252241954,4.1066565372733494,2.4828224,0,False
2023-08-12 04:00:00,4,1.0,1.0425681142290415,2.89613034789248,4.071203221732455,2.8315227,0,False
2023-08-12 05:00:00,4,1.0,0.7094074914402491,4.023784606654256,4.8858238001847525,3.4725401,0,False
2023-08-12 06:00:00,4,2.0,2.959144597870033,3.9218417330366093,5.6502731650118525,4.3102093,0,False
2023-08-12 07:00:00,4,3.0,3.4835292260211013,4.63689942370912,6.7657483206474405,5.2787037,0,False
2023-08-12 08:00:00,4,8.0,3.9482708266300186,5.409695438481671,7.847538415755467,6.052422,0,False
2023-08-12 09:00:00,4,9.0,5.787478009222054,6.314925000254047,8.596090205179951,6.3648186,0,False
2023-08-12 10:00:00,4,1.0,3.6892513848934776,5.543940787704372,8.196257014238506,6.1077976,0,False
2023-08-12 11:00:00,4,6.0,2.252479311870161,5.404033422335975,6.8582966731604245,5.343486,0,False
2023-08-12 12:00:00,4,6.0,2.6008104636974885,4.676846277721842,6.104503639608565,4.6352687,0,False
2023-08-12 13:00:00,4,6.0,0.9962656852474829,4.7587173033631815,5.4674555413548624,4.2883687,0,False
2023-08-12 14:00:00,4,7.0,4.026112816665464,4.409517801391967,5.880243825571621,4.4258027,0,False
2023-08-12 15:00:00,4,3.0,4.109720079036325,5.4193209737215895,7.143843525416268,5.1328497,0,False
2023-08-12 16:00:00,4,6.0,5.754871489790478,6.578902452903481,8.174378140568164,6.0956388,0,False
2023-08-12 17:00:00,4,8.0,6.973299124599432,8.131602890359929,9.371400144785408,7.113551,0,False
2023-08-12 18:00:00,4,8.0,7.362406736274989,8.08024599670009,10.101582302588959,7.7585945,0,False
2023-08-12 19:00:00,4,8.0,8.857149105595326,7.841905723300758,10.64889784083022,7.777987,0,False
2023-08-12 20:00:00,4,6.0,6.42637263869641,7.286888817024745,9.079348112132783,7.252031,0,False
2023-08-12 21:00:00,4,5.0,3.753208482456248,6.823028847388259,8.376399821358511,6.208756,0,False
2023-08-12 22:00:00,4,4.0,1.679462649513649,5.063643666498666,6.691185886058773,4.962446,0,False
2023-08-12 23:00:00,4,4.0,0.10706788986113125,4.203380860802558,5.2389786278284145,3.780965,0,False
2023-08-13 00:00:00,4,6.0,2.358723962262385,3.04901014372007,4.003853851507237,2.7508817,0,False
2023-08-13 01:00:00,4,4.0,-0.6973177631618235,2.832299034084461,5.035349779462429,3.166936,0,False
2023-08-13 02:00:00,4,2.0,0.29198574568384217,3.3871783433016027,4.166583606642316,3.095246,0,False
2023-08-13 03:00:00,4,4.0,1.5413183740951872,3.2512891138503943,4.0978815482335635,3.0295851,0,False
2023-08-13 04:00:00,4,1.0,1.2626494484594666,3.2386794866710344,4.062897735188379,3.1977522,0,False
2023-08-13 05:00:00,4,1.0,3.7363637008374653,3.234123236237596,4.877962695706067,3.6159797,0,False
2023-08-13 06:00:00,4,4.0,2.9286742885535126,3.8743155862695344,5.6428326662025965,4.3839297,0,False
2023-08-13 07:00:00,4,8.0,3.567963011735195,4.1853736272343856,6.758705923024945,5.271338,0,False
2023-08-13 08:00:00,4,12.0,5.708527108114787,5.712902500874574,7.840872819019339,6.074013,0,False
2023-08-13 09:00:00,4,7.0,8.957011839256557,7.639001430276587,8.589781248862307,6.5062017,0,False
2023-08-13 10:00:00,4,4.0,4.910765705133976,6.040619897192655,8.19028561636366,6.3832264,0,False
2023-08-13 11:00:00,4,4.0,4.30788577347618,5.228819691187583,6.852644772785191,5.6125684,0,False
2023-08-13 12:00:00,4,4.0,2.4826423214279494,4.736173488327254,6.099154142133865,4.797582,0,False
2023-08-13 13:00:00,4,3.0,2.1688084033865422,4.410524324212589,5.462392266822114,4.3361845,0,False
2023-08-13 14:00:00,4,2.0,2.9499118172334704,4.346866063154993,5.875451459725035,4.4727945,0,False
2023-08-13 15:00:00,4,1.0,1.9863154861446581,4.912719544274194,7.1393075733838565,5.2073193,0,False
2023-08-13 16:00:00,4,9.0,3.515359569058109,3.8453362983382005,8.170084883020824,6.259335,0,False
2023-08-13 17:00:00,4,11.0,9.025414107512388,6.78480854501854,9.367336596441843,7.3843946,0,False
2023-08-13 18:00:00,4,8.0,9.173835729752662,7.136318252819268,10.097736172940705,8.287732,0,False
2023-08-13 19:00:00,4,9.0,8.433700848168272,6.770854828711449,10.645257496968046,8.473175,0,False
2023-08-13 20:00:00,4,7.0,7.076158712176635,6.673218151849954,9.075902543562082,7.9618707,0,False
2023-08-13 21:00:00,4,7.0,5.816281833870111,6.674406747070262,8.373138606697259,6.969785,0,False
2023-08-13 22:00:00,4,2.0,2.4316415167263656,4.51501873024486,6.688099161517156,5.8078165,0,False
2023-08-13 23:00:00,4,5.0,0.1551370658621316,3.825881275736301,5.236057057375309,4.5970993,0,False
2023-08-14 00:00:00,4,5.0,4.386094323038131,4.496919167145717,4.001088598632395,3.5378313,0,False
2023-08-14 01:00:00,4,4.0,4.639289418197439,4.664330209103025,5.032732480449911,5.079917,0,False
2023-08-14 02:00:00,4,3.0,3.9618647800827738,4.750468738850283,4.164106345273883,5.297462,0,False
2023-08-14 03:00:00,4,3.0,3.538801187673016,4.464438158103579,4.095536831845328,5.158044,0,False
2023-08-14 04:00:00,4,5.0,4.629938258425113,4.617190826308086,4.060678472008699,5.168046,0,False
2023-08-14 05:00:00,4,5.0,5.9069127899112175,4.57278853064443,4.875862173406101,5.6589813,0,False
2023-08-14 06:00:00,4,2.0,8.249131264391966,5.603798999440734,5.640844531594238,6.656452,0,False
2023-08-14 07:00:00,4,7.0,9.260238760788273,7.6164285798677955,6.75682416284506,8.073571,0,False
2023-08-14 08:00:00,4,9.0,11.599598225032873,9.204321280702926,7.839091741742306,9.485351,0,False
2023-08-14 09:00:00,4,10.0,11.056751228034814,9.858933439748366,8.588095467485598,10.371331,0,False
2023-08-14 10:00:00,4,8.0,9.335941402037305,8.981340989127341,8.18869003211432,10.1695385,0,False
2023-08-14 11:00:00,4,11.0,7.631737896231433,7.302557405360806,6.851134559698298,8.961325,0,False
2023-08-14 12:00:00,4,7.0,8.267507487231208,6.738042067621256,6.097724732456023,7.516934,0,False
2023-08-14 13:00:00,4,9.0,6.607420656668861,6.396802907529807,5.461039337195929,6.6407576,0,False
2023-08-14 14:00:00,4,8.0,7.166994117930642,6.680241310068948,5.8741709181127995,6.63205,0,False
2023-08-14 15:00:00,4,9.0,9.41917076840745,8.210514765350318,7.138095546690872,7.559307,0,False
2023-08-14 16:00:00,4,8.0,12.400439993422523,9.066699068533216,8.168937705380932,9.233475,0,False
2023-08-14 17:00:00,4,12.0,13.31774035728402,11.083620375155235,9.36625079812974,11.054174,0,False
2023-08-14 18:00:00,4,13.0,14.450826929719373,11.33093808407819,10.09670846987749,12.194228,0,False
2023-08-14 19:00:00,4,13.0,14.078373449900555,10.956388080035028,10.644284780788285,12.269153,0,False
2023-08-14 20:00:00,4,7.0,12.94768132276252,10.9694846623387,9.074981872212314,11.30856,0,False
2023-08-14 21:00:00,4,13.0,9.443774566258188,8.717554305840984,8.372267195537543,9.721869,0,False
2023-08-14 22:00:00,4,9.0,7.0230479704327635,7.348418009498305,6.687274374898705,7.850582,0,False
2023-08-14 23:00:00,4,9.0,5.579037278397946,6.345104458727709,5.235276400668781,6.1033483,0,False
2023-08-15 00:00:00,4,3.0,-0.7205006414575656,4.868659818887278,4.000349710682696,4.667279,1,False
2023-08-15 01:00:00,4,3.0,-3.0465076226786607,3.8557756785168578,5.0320331264347,3.4854863,1,False
2023-08-15 02:00:00,4,3.0,-4.765548123133328,3.502987668440612,4.163444409944189,2.4492774,1,False
2023-08-15 03:00:00,4,4.0,-2.4109904840374483,3.0348755285025573,4.094910313127816,1.8646877,1,False
2023-08-15 04:00:00,4,4.0,-1.0576006874661559,3.330442161242258,4.060085474950248,1.8039379,1,False
2023-08-15 05:00:00,4,4.0,-0.8288176315546991,4.088961817493537,4.875300904442377,2.115979,1,False
2023-08-15 06:00:00,4,4.0,0.7478368651593605,5.039644494130675,5.640313293124924,2.6434567,1,False
2023-08-15 07:00:00,4,3.0,2.0198084645381726,6.1665858798788316,6.756321348099333,3.2914498,1,False
2023-08-15 08:00:00,4,4.0,2.9106745021090354,6.437452028625418,7.838615829919039,3.884544,1,False
2023-08-15 09:00:00,4,4.0,1.5574861115671297,6.735120156395891,8.587645019153584,4.2645283,1,False
2023-08-15 10:00:00,4,6.0,2.2667794116902833,5.879426473380419,8.1882636848586,4.2882013,1,False
2023-08-15 11:00:00,4,3.0,1.1011039024823326,5.7446612606799885,6.850731023999438,4.103452,1,False
2023-08-15 12:00:00,4,6.0,-0.372533479493395,4.720836618454269,6.097342787789862,3.847168,1,False
2023-08-15 13:00:00,4,5.0,-0.14451418440032526,4.988872636118895,5.460677828342013,3.7495935,1,False
2023-08-15 14:00:00,4,2.0,0.2910711270172719,4.226154484984201,5.873828751660331,3.947714,1,False
2023-08-15 15:00:00,4,4.0,0.9822935765810712,5.4301894930364165,7.137771687731606,4.4695544,1,False
2023-08-15 16:00:00,4,4.0,3.108309029429151,6.169479854096327,8.168631174379017,5.2243986,1,False
2023-08-15 17:00:00,4,5.0,5.490238440702377,6.943184523809523,9.365960667959037,6.03842,1,False
2023-08-15 18:00:00,4,5.0,6.614426605156291,7.22203125,10.096433863017415,6.707471,1,False
2023-08-15 19:00:00,4,4.0,6.351714281420035,7.2497435897435905,10.644024866669675,6.985756,1,False
2023-08-15 20:00:00,4,6.0,3.5507834007585117,6.8375305555555554,9.074735864705312,6.790174,1,False
2023-08-15 21:00:00,4,5.0,2.702502763899677,6.591369047619046,8.372034350573886,6.1410933,1,False
2023-08-15 22:00:00,4,5.0,0.7090447164933735,5.51464393939394,6.687053988221238,5.2908425,1,False
2023-08-15 23:00:00,4,4.0,-2.3577258294203247,5.074682384186694,5.235067805701373,4.3494453,1,False
2023-08-16 00:00:00,4,5.0,2.201904327307126,5.620601242848101,4.000152276514134,3.3846486,0,False
2023-08-16 01:00:00,4,1.0,2.7773981091053734,5.877769774386927,5.031846255910449,5.109907,0,False
2023-08-16 02:00:00,4,7.0,1.0103990087088697,5.816071463624533,4.163267537860252,5.8179364,0,False
2023-08-16 03:00:00,4,6.0,3.0026081304506143,5.572553590936671,4.094742904521232,5.939247,0,False
2023-08-16 04:00:00,4,5.0,5.082839134510191,5.895707876377713,4.059927023481061,6.081558,0,False
2023-08-16 05:00:00,4,6.0,6.385395001955535,5.839790653789226,4.875150930862165,6.5648856,0,False
2023-08-16 06:00:00,4,6.0,6.83503714746624,6.607595974440354,5.640171343827281,7.439603,0,False
2023-08-16 07:00:00,4,11.0,7.677624552274468,8.100620832038718,6.7561869937479,8.533859,0,False
2023-08-16 08:00:00,4,9.0,9.926424612277144,9.114717887708002,7.838488664148947,9.545672,0,False
2023-08-16 09:00:00,4,9.0,8.744289959164863,10.266855410135047,8.587524657342367,10.042947,0,False
2023-08-16 10:00:00,4,9.0,8.732203498705232,8.011554501849467,8.188149762962883,9.575417,0,False
2023-08-16 11:00:00,4,7.0,6.56266427428908,8.19029509235341,6.850623197453854,8.436691,0,False
2023-08-16 12:00:00,4,8.0,6.4998830375447305,6.764400491016462,6.097240730464891,7.14396,0,False
2023-08-16 13:00:00,4,7.0,7.198832714888628,6.6763006267211065,5.460581231557576,6.4459233,0,False
2023-08-16 14:00:00,4,9.0,6.061486505121341,6.848925157992848,5.873737323252167,6.590181,0,False
2023-08-16 15:00:00,4,6.0,7.218474619809552,7.665647045233649,7.137685151167598,7.460606,0,False
2023-08-16 16:00:00,4,9.0,9.030934062728502,8.469759535782394,8.168549267922801,8.924873,0,False
2023-08-16 17:00:00,4,10.0,10.444573281002903,10.289758557154146,9.365883143878355,10.574122,0,False
2023-08-16 18:00:00,4,12.0,11.35546027470213,11.25742687395892,10.09636048683484,11.716341,0,False
2023-08-16 19:00:00,4,10.0,10.917172291923572,11.282015399540647,10.643955416453405,11.932501,0,False
2023-08-16 20:00:00,4,13.0,10.829802069715306,9.97152812303665,9.074670130397932,11.142673,0,False
2023-08-16 21:00:00,4,7.0,9.062912175820685,9.318061423512335,8.371972133357023,9.742823,0,False
2023-08-16 22:00:00,4,6.0,5.626553550976036,7.680938755327829,6.686995099914228,8.01514,0,False
2023-08-16 23:00:00,4,8.0,3.239447520479697,6.6120410968959025,5.235012068192089,6.256849,0,False
2023-08-17 00:00:00,4,8.0,3.1593271439982793,5.2292246976547965,4.000099521220275,4.728638,0,False
2023-08-17 01:00:00,4,7.0,2.2538174593288858,5.345348526954653,5.031796323269648,4.9899626,0,False
2023-08-17 02:00:00,4,6.0,4.140217724447421,5.659552096456456,4.163220276847471,4.9819555,0,False
2023-08-17 03:00:00,4,4.0,4.405154544898485,5.266568678772987,4.094698172191974,5.0973663,0,False
2023-08-17 04:00:00,4,3.0,4.137154315300659,5.650517685718132,4.05988468453902,5.4713073,0,False
2023-08-17 05:00:00,4,9.0,5.382260449693886,5.858872274957349,4.875110857250019,6.176144,0,False
2023-08-17 06:00:00,4,8.0,7.044760164255047,5.969613834364999,5.640133414339367,7.2598853,0,False
2023-08-17 07:00:00,4,12.0,9.116584382253041,8.30030838595604,6.75615109366362,8.535679,0,False
2023-08-17 08:00:00,4,8.0,11.008214631864943,9.630832379816217,7.838454684885789,9.685839,0,False
2023-08-17 09:00:00,4,14.0,9.568481391548417,9.26430019736897,8.587492496127485,10.18396,0,False
2023-08-17 10:00:00,4,8.0,10.916254972848686,9.60795027136454,8.188119322522258,9.696642,0,False
2023-08-17 11:00:00,4,8.0,7.2386357182838434,7.77408728496616,6.850594385718076,8.59984,0,False
2023-08-17 12:00:00,4,6.0,6.720531533396819,7.07933439169969,6.097213460290692,7.381484,0,False
2023-08-17 13:00:00,4,9.0,6.859820923873375,6.846989521607048,5.460555420464258,6.7668676,0,False
2023-08-17 14:00:00,4,5.0,6.943619311019033,6.682983831360832,5.87371289317213,7.0651493,0,False
2023-08-17 15:00:00,4,7.0,7.276059361744572,7.431579495825986,7.137662028210224,8.123173,0,False
2023-08-17 16:00:00,4,13.0,8.675023036384632,9.634354243491238,8.16852738215096,9.708315,0,False
2023-08-17 17:00:00,4,10.0,12.312092890527447,10.360565802252749,9.365862429096879,11.307065,0,False
2023-08-17 18:00:00,4,14.0,11.891999804651185,11.616025217883486,10.096340880390311,12.432322,0,False
2023-08-17 19:00:00,4,13.0,12.648645499643141,11.165470295752959,10.643936859044652,12.44647,0,False
2023-08-17 20:00:00,4,10.0,12.017117795217693,10.911583483346197,9.074652565896672,11.48578,0,False
2023-08-17 21:00:00,4,10.0,8.880525646415052,8.703763561459551,8.371955508638097,9.870933,0,False
2023-08-17 22:00:00,4,9.0,6.3172564998553415,7.917262708182388,6.68697936469492,7.9353843,0,False
2023-08-17 23:00:00,4,4.0,5.052761726907788,6.567774895469339,5.234997174880041,6.1023355,0,False
2023-08-18 00:00:00,4,3.0,2.9741933062292674,5.297979382998291,4.000085424769542,4.6090236,0,False
2023-08-18 01:00:00,4,2.0,3.63746008184253,5.407559871790799,5.031782981044451,4.6968474,0,False
2023-08-18 02:00:00,4,5.0,1.967190629274505,4.562145221310223,4.163207648493243,4.711715,0,False
2023-08-18 03:00:00,4,9.0,3.023428494723131,4.74716812539514,4.094686219513305,4.7571335,0,False
2023-08-18 04:00:00,4,4.0,6.17441446457746,5.313236511329288,4.059873371384133,5.1289682,0,False
2023-08-18 05:00:00,4,5.0,6.9722898219968155,6.880112452468322,4.8751001494014226,5.988383,0,False
2023-08-18 06:00:00,4,8.0,7.874521038193709,6.317523568895115,5.640123279410365,7.194529,0,False
2023-08-18 07:00:00,4,10.0,11.111068594973139,8.754093351932902,6.756141501000356,8.549766,0,False
2023-08-18 08:00:00,4,8.0,10.92355650686812,8.693236876588676,7.838445605474529,9.825855,0,False
2023-08-18 09:00:00,4,9.0,11.371749120296133,10.12918330414217,8.587483902506865,10.365199,0,False
2023-08-18 10:00:00,4,8.0,8.324022397506377,9.324925243261598,8.188111188700224,9.9973345,0,False
2023-08-18 11:00:00,4,7.0,7.6550091618990805,7.794040183297592,6.850586687093271,8.734385,0,False
2023-08-18 12:00:00,4,5.0,6.6718286409371625,6.924888647888963,6.0972061735780425,7.460491,0,False
2023-08-18 13:00:00,4,7.0,5.5031368086017345,6.037417564114081,5.460548523624554,6.744834,0,False
2023-08-18 14:00:00,4,4.0,6.686655632574585,6.634280093974041,5.873706365345358,6.876926,0,False
2023-08-18 15:00:00,4,7.0,6.896334168780802,7.981685794116943,7.13765584965248,7.885007,0,False
2023-08-18 16:00:00,4,7.0,10.86843253637557,9.846060832081228,8.168521534174731,9.449494,0,False
2023-08-18 17:00:00,4,10.0,11.770180093879505,10.82107807265206,9.365856894014517,11.179944,0,False
2023-08-18 18:00:00,4,13.0,13.944084327352517,11.686642067304273,10.096335641460545,12.20356,0,False
2023-08-18 19:00:00,4,10.0,14.0175214880035,11.240162666167205,10.643931900421942,12.2293625,0,False
2023-08-18 20:00:00,4,10.0,11.387667161221737,10.15076406283107,9.07464787258329,11.183804,0,False
2023-08-18 21:00:00,4,10.0,10.24764160448894,8.537503685788053,8.371951066438761,9.3841715,0,False
2023-08-18 22:00:00,4,11.0,7.105941499047759,8.070434849716117,6.686975160173866,7.462043,0,False
2023-08-18 23:00:00,4,32.0,27.303708053956445,28.283487668044007,5.234993195320376,5.636381,0,True
2023-08-19 00:00:00,4,4.0,7.784999913987004,3.901766865079365,4.000081658134788,4.173876,0,False
2023-08-19 01:00:00,4,2.0,-0.7609839152820754,3.110717744897601,5.031779415942138,3.2459424,0,False
2023-08-19 02:00:00,4,4.0,0.4005951952239357,4.13623474723342,4.163204274140449,2.7605236,0,False
2023-08-19 03:00:00,4,1.0,1.147921294150457,3.3736075000384953,4.094683025704046,2.6897452,0,False
2023-08-19 04:00:00,4,3.0,-0.30863268688978707,3.317482213880815,4.0598703484584915,2.967316,0,False
2023-08-19 05:00:00,4,2.0,1.4366302881581596,4.477404126269348,4.875097288216333,3.5497968,0,False
2023-08-19 06:00:00,4,8.0,2.8349900899617815,4.653125110419323,5.640120571311956,4.3994513,0,False
2023-08-19 07:00:00,4,4.0,5.406398975252403,5.995963696700464,6.756138937797781,5.376546,0,False
2023-08-19 08:00:00,4,5.0,5.60831163004223,5.748763749647622,7.838443179415187,6.215662,0,False
2023-08-19 09:00:00,4,3.0,5.850385458681316,6.305585035727279,8.587481606252958,6.6074214,0,False
2023-08-19 10:00:00,4,7.0,1.928795935083862,5.4228618081504605,8.188109015306557,6.364195,0,False
2023-08-19 11:00:00,4,3.0,3.5323854620936785,5.098654291995803,6.850584629986252,5.5831804,0,False
2023-08-19 12:00:00,4,3.0,1.8583595463289697,4.542642262040103,6.097204226535796,4.8545394,0,False
2023-08-19 13:00:00,4,0.0,2.2743689350382077,4.259106550162801,5.460546680758104,4.4928484,0,False
2023-08-19 14:00:00,4,4.0,1.751898572843217,4.36343852246392,5.873704621080815,4.6734166,0,False
2023-08-19 15:00:00,4,2.0,2.879613890809587,4.679703150125234,7.137654198714186,5.3634953,0,False
2023-08-19 16:00:00,4,5.0,4.328366199314255,5.435382742704482,8.168519971569298,6.323472,0,False
2023-08-19 17:00:00,4,5.0,7.067904480478644,7.5013122167742585,9.365855415015726,7.30409,0,False
2023-08-19 18:00:00,4,6.0,7.962074222291932,7.515176874873501,10.096334241595054,7.9509263,0,False
2023-08-19 19:00:00,4,6.0,7.489629332471871,7.4705987502388576,10.643930575455752,7.9835353,0,False
2023-08-19 20:00:00,4,6.0,5.9769002305861285,5.899531536637653,9.07464661850894,7.3573413,0,False
2023-08-19 21:00:00,4,2.0,4.257309311446818,6.768351992046248,8.371949879463209,6.2780566,0,False
2023-08-19 22:00:00,4,2.0,1.4486011744297365,4.995828363441803,6.686974036707014,5.0362663,0,False
2023-08-19 23:00:00,4,1.0,3.359172168259967,4.11763801566331,5.234992131964215,3.8227751,0,False
2023-08-20 00:00:00,4,7.0,0.79842139567128,2.5498073071613554,4.000080651673117,2.774719,0,False
2023-08-20 01:00:00,4,6.0,0.7615961067597681,3.2130504592569236,5.031778463330837,3.1315463,0,False
2023-08-20 02:00:00,4,5.0,0.5336455338355854,3.6557786420371725,4.163203372498274,3.0524693,0,False
2023-08-20 03:00:00,4,5.0,1.2299131435215642,3.594411722745243,4.094682172303911,2.9615357,0,False
2023-08-20 04:00:00,4,2.0,1.67998681384692,3.3211433931614325,4.059869540719225,3.1009128,0,False
2023-08-20 05:00:00,4,2.0,1.8417818426636252,3.9869195004954183,4.875096523694865,3.5008407,0,False
2023-08-20 06:00:00,4,7.0,4.5544095902725115,4.308133409739449,5.640119847695936,4.1776943,0,False
2023-08-20 07:00:00,4,7.0,6.634570638800188,3.479704082359232,6.756138252898576,5.0843954,0,False
2023-08-20 08:00:00,4,7.0,8.052353838188179,6.007385265932843,7.838442531161268,5.9984264,0,False
2023-08-20 09:00:00,4,6.0,5.810899656118561,6.122206302809649,8.587480992683632,6.553108,0,False
2023-08-20 10:00:00,4,9.0,4.601932373386241,5.9413203826932826,8.188108434566038,6.3483114,0,False
2023-08-20 11:00:00,4,5.0,3.9366543048987737,5.812283697633095,6.850584080318046,5.5892015,0,False
2023-08-20 12:00:00,4,2.0,2.6147372238782225,4.5309965711955185,6.09720370627739,4.732642,0,False
2023-08-20 13:00:00,4,5.0,1.0980199767777812,4.3254334618153045,5.460546188335937,4.2605042,0,False
2023-08-20 14:00:00,4,8.0,2.5950510592145015,4.458298700421002,5.87370415500552,4.3837504,0,False
2023-08-20 15:00:00,4,3.0,3.6100971270020423,5.150866408185404,7.137653757576081,5.117253,0,False
2023-08-20 16:00:00,4,6.0,6.488701347606254,5.753225697537996,8.168519554034129,6.2065306,0,False
2023-08-20 17:00:00,4,5.0,8.60148874768,6.903248934580117,9.365855019820627,7.4411583,0,False
2023-08-20 18:00:00,4,6.0,7.919030669805101,7.4979138854446195,10.096333867544727,8.331401,0,False
2023-08-20 19:00:00,4,9.0,8.244361289588191,7.197295963603099,10.643930221418852,8.510218,0,False
2023-08-20 20:00:00,4,5.0,7.455065314424168,6.4115599949468365,9.074646283414658,8.027062,0,False
2023-08-20 21:00:00,4,5.0,4.444945518318937,5.5232888510967655,8.371949562298026,7.0471473,0,False
2023-08-20 22:00:00,4,4.0,1.2334017754799866,4.815676030136074,6.68697373651164,5.8317857,0,False
2023-08-20 23:00:00,4,9.0,0.025995120284893147,3.535569587691411,5.234991847830687,4.59146,0,False
2023-08-21 00:00:00,4,1.0,6.166318194185836,4.783190206018828,4.000080382742052,3.5406384,0,False
2023-08-21 01:00:00,4,5.0,3.2644718529245225,4.737096400731912,5.031778208788832,5.1446614,0,False
2023-08-21 02:00:00,4,1.0,3.8281991651342615,4.649803763249652,4.163203131575448,5.3100095,0,False
2023-08-21 03:00:00,4,5.0,3.4333131364513783,3.7917939884896823,4.094681944271574,5.146063,0,False
2023-08-21 04:00:00,4,4.0,5.573457537306851,5.367604808804721,4.059869324887676,5.160966,0,False
2023-08-21 05:00:00,4,6.0,6.4342098927590055,5.10667582458922,4.875096319411306,5.690706,0,False
2023-08-21 06:00:00,4,7.0,7.835170413049383,6.493700766338111,5.640119654342495,6.7146134,0,False
2023-08-21 07:00:00,4,8.0,10.029267084358912,6.860674220487215,6.756138069890442,8.072123,0,False
2023-08-21 08:00:00,4,9.0,10.86118243921302,8.955458876804391,7.838442357944919,9.465501,0,False
2023-08-21 09:00:00,4,10.0,10.765233622590246,9.27770591115101,8.587480828735162,10.276693,0,False
2023-08-21 10:00:00,4,10.0,10.23907892610987,9.230366880909747,8.18810827938957,10.066482,0,False
2023-08-21 11:00:00,4,14.0,9.818120865548458,7.469266961889008,6.85058393344424,8.970012,0,False
2023-08-21 12:00:00,4,8.0,8.735760199297614,6.812842052877944,6.097203567262015,7.648333,0,False
2023-08-21 13:00:00,4,9.0,8.563526950053113,6.053319759997173,5.460546056758529,6.7150555,0,False
2023-08-21 14:00:00,4,3.0,9.532629577161726,6.973256764495545,5.873704030468113,6.7347655,0,False
2023-08-21 15:00:00,4,8.0,8.25010465956221,7.882212330061186,7.1376536397020045,7.7231207,0,False
2023-08-21 16:00:00,4,8.0,10.58533843659317,8.691406434853912,8.168519442466863,9.302629,0,False
2023-08-21 17:00:00,4,12.0,12.415802348180492,10.84822069162767,9.365854914222727,10.995303,0,False
2023-08-21 18:00:00,4,13.0,14.385632043357996,11.202539114854726,10.096333767596805,12.122953,0,False
2023-08-21 19:00:00,4,12.0,14.990959053437372,11.620664367964837,10.643930126818608,12.273943,0,False
2023-08-21 20:00:00,4,7.0,11.456825597074284,11.542649486249081,9.074646193875965,11.430676,0,False
2023-08-21 21:00:00,4,9.0,10.587679265377306,8.723294931932305,8.37194947755007,9.756442,0,False
2023-08-21 22:00:00,4,9.0,7.860300497335128,6.894984827655453,6.686973656298092,7.972302,0,False
2023-08-21 23:00:00,4,4.0,7.060422703117673,7.049925701505088,5.234991771908937,6.237358,0,False
2023-08-22 00:00:00,4,8.0,3.017850220347423,4.978983721516628,4.000080310882467,4.779735,0,False
2023-08-22 01:00:00,4,6.0,4.014049209637228,5.136894697462594,5.031778140774068,5.1611485,0,False
2023-08-22 02:00:00,4,4.0,2.9354021815447737,5.161070902548546,4.16320306719979,4.9547505,0,False
2023-08-22 03:00:00,4,5.0,4.204672950834176,4.852575141130392,4.0946818833403125,4.753565,0,False
2023-08-22 04:00:00,4,9.0,5.229461578639164,5.121969974110462,4.05986926721652,4.917852,0,False
2023-08-22 05:00:00,4,8.0,7.64995368776855,5.486654654957183,4.8750962648258245,5.5693164,0,False
2023-08-22 06:00:00,4,8.0,8.578430690194612,6.906274687962175,5.64011960267759,6.747097,0,False
2023-08-22 07:00:00,4,9.0,8.945179016685076,8.6507847993812,6.756138020989849,8.2166395,0,False
2023-08-22 08:00:00,4,10.0,9.535776495326218,8.94945954436017,7.838442311660734,9.508957,0,False
2023-08-22 09:00:00,4,12.0,9.454636316563388,9.65001230187432,8.587480784927395,10.107923,0,False
2023-08-22 10:00:00,4,12.0,9.865401340036733,9.750439856064677,8.188108237925723,9.709287,0,False
2023-08-22 11:00:00,4,8.0,9.043077391423012,8.4698540801191,6.850583894198902,8.601189,0,False
2023-08-22 12:00:00,4,4.0,7.584469499366431,6.5648010045112235,6.0972035301164835,7.389918,0,False
2023-08-22 13:00:00,4,5.0,6.420506136295085,6.206879212632515,5.460546021600456,6.7093034,0,False
2023-08-22 14:00:00,4,3.0,5.058050245062136,6.260640330309266,5.873703997191161,6.9269333,0,False
2023-08-22 15:00:00,4,5.0,6.8536760926121225,7.167622421641743,7.1376536082055235,7.95246,0,False
2023-08-22 16:00:00,4,7.0,8.33506382826544,7.933349225855693,8.16851941265559,9.668909,0,False
2023-08-22 17:00:00,4,8.0,10.642977637320877,9.708354496390685,9.365854886006495,11.373732,0,False
2023-08-22 18:00:00,4,11.0,11.527886458993645,10.318080526484962,10.096333740890273,12.472147,0,False
2023-08-22 19:00:00,4,14.0,11.601337609481568,10.781082712030576,10.643930101540999,12.511203,0,False
2023-08-22 20:00:00,4,15.0,11.271519688470466,10.555813003743799,9.074646169950826,11.549812,0,False
2023-08-22 21:00:00,4,8.0,10.301162314774185,8.667039768652979,8.371949454905035,10.003708,0,False
2023-08-22 22:00:00,4,5.0,7.000926602849031,7.631846350865823,6.686973634864673,8.2645645,0,False
2023-08-22 23:00:00,4,7.0,3.339229618656045,6.379778336648068,5.234991751622305,6.527621,0,False
2023-08-23 00:00:00,4,8.0,4.631087056980718,5.038977591939632,4.0000802916812646,4.971657,0,False
2023-08-23 01:00:00,4,6.0,2.7493854800592246,5.045076815824539,5.031778122600219,5.399822,0,False
2023-08-23 02:00:00,4,7.0,3.9367998890305813,5.222483770041733,4.163203049998326,5.226216,0,False
2023-08-23 03:00:00,4,6.0,4.744660916885405,5.323509487709181,4.094681867059206,5.146608,0,False
2023-08-23 04:00:00,4,7.0,5.919072145752812,5.138879079743434,4.0598692518065285,5.378848,0,False
2023-08-23 05:00:00,4,5.0,7.400864834194191,5.66304463358548,4.87509625024034,6.054231,0,False
2023-08-23 06:00:00,4,6.0,7.761159679994279,6.757225376095494,5.640119588872496,7.190174,0,False
2023-08-23 07:00:00,4,5.0,10.067471407361591,8.140641022068774,6.756138007923392,8.548517,0,False
2023-08-23 08:00:00,4,5.0,9.249482097659293,9.094048858662841,7.838442299293393,9.815487,0,False
